samplers,SlaughterDate,Timepoint,Diet,Diet_Tank,ID,BW,Length,Sex,cataract_V,cataract_H,cataract_sum,Fat_Score,Heart_Score,softliver,patchy_liver,Liver_Score,Heart_W,Liver_W,GW,SlaughYield,CF,HSI,CSI,L,a,b,Gut_Abstruc,Gut_light,Anus_ble,Gut_ble,Sca_lossScor,Bleeding,Parr_mark,Tail_sli,UJ_dform,LJ_dform,O_dform,Ryggf_d,BugF_sli,BugF_bleed,Deform
sample1,18/08/20,T0,start,,1,,13.7,M,0,0,0,1,,0,0,2.5,0.02,0.37,21.9,,,,,,,,0,0,0,0,,,,,,,,,,,0
sample2,18/08/20,T0,start,,2,36.5,14.3,F,0,0,0,1,0,0,0,3,0.05,0.41,32.13,88.02739726,1.248201649,1.12,0.14,,,,0,0,0,1,0,0,0,0,0,0,1,1,0,0,0
sample3,18/08/20,T0,start,,3,,13.8,M,0,0,0,1,0,1,0,4,0.03,0.3,25.26,,,,,,,,0,0,0,0,1,0,0,0,0,0,3,2,0,0,0
sample4,18/08/20,T0,start,,4,26.2,13,M,0,0,0,1,0,0,0,2,0.03,0.37,22.72,86.71755725,1.19,1.41,0.11,,,,0,0,0,0,3,0,0,0,0,0,0,0,0,0,0
sample5,18/08/20,T0,start,,5,37,14,M,0,0,0,1,0,0,0,3.5,0.04,0.35,32.71,88.40540541,1.35,0.95,0.11,,,,0,0,0,0,2,0,0,1,0,0,1,1,0,0,0
sample6,18/08/20,T0,start,,6,32,13.4,M,0,0,0,1,0,0,0,3,0.32,0.44,27.8,86.875,1.33,1.38,1,,,,0,0,0,0,1.5,0,0,0,0,0,0,0,0,0,0
sample7,18/08/20,T0,start,,7,25.5,13,M,0,0,0,1,0,0,0,3,0.03,0.24,23.07,90.47058824,1.16,0.94,0.12,,,,,,,,2,0,0,0,0,0,0.5,1,0,0,0
sample8,18/08/20,T0,start,,8,22.6,12.2,F,0,0,0,1,0,0,0,3,0.02,0.3,19.9,88.05309735,1.24,1.33,0.09,,,,0,0,0,0,2,0,0.5,0,0,0,0,1.5,0,0,0
sample9,18/08/20,T0,start,,9,32.2,13.8,M,0,0,0,1,0,1,0,2,0.05,0.38,28.6,88.81987578,1.23,1.18,0.16,,,,0,0,0,0,2,1,0,0,0,0,0,1,0,0,0
sample10,18/08/20,T0,start,,10,25.3,12.6,M,0,0,0,1,0,0,0,3,0.03,0.368,22.25,87.94466403,1.26,1.45,0.13,,,,0,0,1,0,1,0,0,0,0,0,0,0,0,0,0
sample11,18/08/20,T0,start,,11,26.5,13.4,F,0,0,0,1,0,0,0,3,0.02,0.26,23.8,89.81132075,1.1,0.98,0.08,,,,1,0,0,1,1,0,0,0,0,0,0,3,0,0,0
sample12,18/08/20,T0,start,,12,28.2,12.9,M,0,0,0,1,0,0,0,3,0.03,0.39,25.2,89.36170213,1.31,1.38,0.11,,,,0,0,0,0,0.5,0,0,0,0,0,0,2,1,0,0
sample13,18/08/20,T0,start,,13,40.52,14.8,F,0,0,0,1,0,0,0,3,0.04,0.47,35.64,87.95656466,1.25,1.16,0.1,,,,0,0,0,0,1,0,0,0,0,0,0,0,0,0,0
sample14,18/08/20,T0,start,,14,25.53,12.3,F,0,0,0,1,0,0,0,3,0.03,0.36,22.54,88.28828829,1.37,1.41,0.12,,,,0,0,0,0,0.5,0,0,0,0,0,1,0.5,0,0.5,0
sample15,18/08/20,T0,start,,15,28.24,12.8,M,0,0,0,1,0,0,0,3,,0.34,25.05,88.70396601,1.35,1.2,,,,,0,0,,0,1,0,0,0.5,0,0,0,0.5,0,0,0
sample16,18/08/20,T0,start,,16,25.85,13.3,F,0,0,0,1,0,1,0,3,0.03,0.26,23.44,90.67698259,1.1,1.01,0.12,,,,0,0,,0,1,0,0,0,0,0,1,2,0,0,0
sample17,18/08/20,T0,start,,17,24.5,12.6,F,0,0,0,1,0,1,0,2,0.02,0.34,21.8,88.97959184,1.22,1.39,0.08,,,,0,0,0,0,1,0,0,0,0,0,1,0.5,0,0,0
sample18,18/08/20,T0,start,,18,26.64,12.8,F,0,0,0,1,0,0,0,3,0.03,0.25,23.5,88.21321321,1.27,0.94,0.11,,,,0,0,0,0,1,0,0,0,0,0,0,0,0,0,0
sample19,18/08/20,T0,start,,19,27.38,12.9,F,0,0,0,1,0,0,0,3,0.02,0.23,24.3,88.75091308,1.28,0.84,0.07,,,,0,0,0,1,2,0,0,0,0,0,2,1.5,0,0,0
sample20,18/08/20,T0,start,,20,20,11.8,F,0,0,0,1,0,1,0,3,0.03,0.26,17.37,86.85,1.22,1.3,0.15,,,,,,,,0,0,1,0,0,0,3,0.5,0,0,0
sample21,18/08/20,T0,start,,21,28.6,13.6,M,0,0,0,1,0,0,0,3,0.03,0.42,25.17,88.00699301,1.14,1.47,0.1,,,,0,0,0,0,3,0,0,0,0,0,0,3,2,0,0
sample22,18/08/20,T0,start,,22,31.9,14.2,M,0,0,0,1,0,0,0,3,0.06,0.44,28.3,88.71473354,1.11,1.38,0.19,,,,0,0,0,0,1,0,0,0,0,0,2,0,0,0,0
sample23,18/08/20,T0,start,,23,24.5,12.85,F,0,0,0,1,0,0,0,3,0.03,0.192,21.89,89.34693878,1.15,0.78,0.11,,,,0,0,0,0,2,0,0,0,0,0,3,0.5,0,0,0
sample24,18/08/20,T0,start,,24,24.66,12.5,M,0,0,0,1,0,1,0,3,0.03,0.32,21.46,87.02351987,1.26,1.3,0.12,,,,0,0,0,1,1,0,0,0,0,0,0,0.5,0,0,0
sample25,18/08/20,T0,start,,25,29.6,13.2,F,0,0,0,2,0,0,0,3,0.03,0.296,26.26,88.71621622,1.29,1,0.11,,,,0,0,1,0,1,0,0,0,0,0,0,0,0,0,0
sample26,18/08/20,T0,start,,26,35.03,14.1,F,0,0,0,1,0,0,0,3,0.04,0.46,31.31,89.38053097,1.25,1.31,0.11,,,,0,0,0,0,2,0,0,0,0,0,0,2,0,0,0
sample27,18/08/20,T0,start,,27,33.3,14.1,F,0,0,0,1,0,0,0,3.5,0.04,0.36,30.11,90.42042042,1.19,1.08,0.12,,,,0,0,0,1,0.5,0,0,0,0,0,0,3,0,0,0
sample28,18/08/20,T0,start,,28,38.92,14.4,M,0,0,0,1,0,1,0,3,0.05,0.39,35,89.92805755,1.3,1,0.13,,,,,,,,0.5,0,0,0,0,0,0,1,0,0,0
sample29,18/08/20,T0,start,,29,25.98,12.6,F,0,0,0,1,0,1,0,3,0.01,0.31,,,1.3,1.19,0.04,,,,0,0,,0,0.5,0,2,0,0,0,1,2,0,0,0
sample30,18/08/20,T0,start,,30,23.2,13,F,0,0,0,1,0,0,0,3,0.02,0.26,22.97,99.00862069,1.06,1.12,0.09,,,,0,0,0,0,0.5,0,0,0,0,0,0,0,0,0,0
sample31,24/09/20,T1,CTR,CTR-1,1,80,19,F,0,0,0,3,0,0,0,3,,1.1,75.91,94.8875,1.17,1.38,,59.8,9.52,19.97,0,0,0,0,,,,,,,,,,,0
sample32,24/09/20,T1,CTR,CTR-1,2,99.27,19.1,M,0,0,0,2,0,0,0,3,0.108,1.3,87.29,87.93190289,1.42,1.31,0.11,53.71,13.9,27.97,0,0,0,0,1,0,0,0,0,0,1,,0,0,0
sample33,24/09/20,T1,CTR,CTR-1,3,83.51,18.4,M,0,0,0,2,0,0,0,3.1,0.106,1.26,73.93,88.52831996,1.34,1.51,0.13,58.99,10.78,13.16,1,0,,0,,,,,,,,,,,0
sample34,24/09/20,T1,CTR,CTR-1,4,80.27,16.9,M,0,0,0,2,0,1,0,3,0.11,1.13,70.9,88.32689672,1.66,1.41,0.14,52.59,16,27.69,0,0,1,0,1,0,0,0,0,0,0,,0,0,0
sample35,24/09/20,T1,CTR,CTR-1,5,82.42,18,M,0,0,0,2,0,0,0,2,,1.2,71.5,86.75078864,1.41,1.46,,47.18,16,25.03,0,0,1,0,,0,0,0,0,0,0,,0,0,0
sample36,24/09/20,T1,CTR,CTR-1,6,139.9,21.5,M,0,0,0,2,0,0,0,3,0.171,1.94,124.8,89.20657613,1.41,1.39,0.12,,,,0,0,0,0,1.5,0,0,0,0,0,0,,0,0,0
sample37,24/09/20,T1,CTR,CTR-1,7,95.39,19.3,F,0,0,0,2,0,0,0,2,0.115,1.4,81.98,85.94192263,1.33,1.47,0.12,,,,0,0,,0,2,0,0,1,0,0,0,,0,0,0
sample38,24/09/20,T1,CTR,CTR-1,8,61.41,16.8,M,0,0,0,2,0,0,0,3,0.056,0.79,53.2,86.63084188,1.3,1.29,0.09,,,,1,0,1,0,1.5,0,0,0,0,0,0,,0,0,0
sample39,24/09/20,T1,CTR,CTR-1,9,64.06,13.3,F,0,0,0,3.5,0,1,0,3,0.076,0.92,55.08,85.98189198,,1.44,0.12,,,,0,0,1,0,1,0,0,0,0,0,0,,0,0,0
sample40,24/09/20,T1,CTR,CTR-1,10,55.3,16.1,M,0,0,0,2,0,1,0,3,0.074,0.79,46.5,84.08679928,1.33,1.43,0.13,,,,1,0,,0,,,,,,,,,,,0
sample41,24/09/20,T1,MN3,MN3-1,1,73.58,17.4,M,0,0,0,3,0,0,0,3,0.086,1,63.01,85.63468334,1.4,1.36,0.12,51.05,14.73,27.92,0,0,,0,1,0,0,0,0,0,1,,0,0,0
sample42,24/09/20,T1,MN3,MN3-1,2,73.71,17.6,F,0,0,0,3,0,0,0,3,0.119,1.22,64.93,88.08845476,1.35,1.66,0.16,50.14,19.73,32.89,1,0,0,0,0.5,0,0,0,0,0,0.5,,0,0,0
sample43,24/09/20,T1,MN3,MN3-1,3,87.98,18.7,F,0,0,0,3,,0,0,3,,1.32,77.25,87.80404637,1.35,1.5,,50.03,20.43,28.87,1,0,0,0,1,0,0,0,0,0,0,,0,0,0
sample44,24/09/20,T1,MN3,MN3-1,4,41.89,14.8,M,0,0,0,2,0,0,0,3,0.039,0.86,36.61,87.3955598,1.29,2.05,0.09,67.48,9.77,23.43,1,0,0,0,2,0,0.5,0,0,0,0,,0,0,0
sample45,24/09/20,T1,MN3,MN3-1,5,91.09,18.9,F,0,0,0,2.5,,0,0,3,,1.27,79.68,87.47392689,1.35,1.39,,53.17,14.46,29.03,0,0,,0,1,0,0,0,0,0,0,,0,0,0
sample46,24/09/20,T1,MN3,MN3-1,6,57.25,16,M,0,0,0,3,1,0,0,3,0.065,0.68,49.33,86.16593886,1.4,1.19,0.11,,,,0,0,0,0,1.5,0,0,0,0,0,0,,0,0,0
sample47,24/09/20,T1,MN3,MN3-1,7,78.68,18.1,M,0,0,0,3,0,0,0,3,0.12,1.31,68.71,87.32841891,1.33,1.66,0.15,,,,0,1,0,1,1,0,0,0,0,0,0,,0,0,0
sample48,24/09/20,T1,MN3,MN3-1,8,81.79,17.6,F,0,0,0,3,0,0,0,2,0.113,1.22,68.7,83.99559848,1.5,1.49,0.14,,,,1,0,1,0,2,0,0,0,0,0,0,,0,0,0
sample49,24/09/20,T1,MN3,MN3-1,9,75.4,17.6,F,0,0,0,3,0,0,0,3,0.079,1.07,67.01,88.87267905,1.38,1.42,0.1,62.14,11.32,30.48,0,0,0,0,1.5,0,0,0,0,0,0,,0,0,0
sample50,24/09/20,T1,MN3,MN3-1,10,71.59,17.2,F,0,0,0,3,,0,0,3.5,0.088,0.97,63.1,88.14080179,1.41,1.35,0.12,,,,0,0,,0,2,0,1,0,0,0,0,,0,0,0
sample51,24/09/20,T1,MC1,MC1-1,1,74.7,17.8,M,0,0,0,3,0,0,0,2.5,0.102,1.14,66.63,89.19678715,1.32,1.53,0.14,50.16,15.98,26.65,1,0,,0,1,0,0,0,0,0,0,,0,0,0
sample52,24/09/20,T1,MC1,MC1-1,2,80,16.8,F,0,0,0,2,0,0,0,3,0.106,1.2,70.42,88.025,1.69,1.5,0.13,66.69,9.5,17.01,1,0,0,0,0.5,0,0,,0,0,0,,0,0,1
sample53,24/09/20,T1,MC1,MC1-1,3,75.53,18.2,M,0,0,0,3,0,0,0,3,0.065,1.1,67,88.70647425,1.25,1.46,0.09,47.86,18.23,27.24,0,0,0,0,2,0,0,0,0,0,1,,0,0,0
sample54,24/09/20,T1,MC1,MC1-1,4,74.25,17.7,M,0,0,0,3.5,0,0,0,3,0.074,1.31,65.9,88.75420875,1.34,1.76,0.1,56.59,16.44,23.22,0,0,0,0,2,0,0,0,0,0,0,,0,0,0
sample55,24/09/20,T1,MC1,MC1-1,5,81.63,18.5,M,0,0,0,2,0,0,0,4,0.093,1.32,71.58,87.68834987,1.29,1.62,0.11,48.54,15.9,25.98,0,1,,0,1,0,0,0,0,0,0,3,0,0,0
sample56,24/09/20,T1,MC1,MC1-1,6,65.19,17.1,M,0,0,0,2,0,0,0,4,0.076,1.11,55.46,85.07439791,1.3,1.7,0.12,,,,1,0,0,0,1.5,0,0,0,0,0,0,,0,0,0
sample57,24/09/20,T1,MC1,MC1-1,7,80.5,17.8,M,0,0,0,2,0,0,0,3,,1.33,71.07,88.28571429,1.43,1.65,,46.85,16.45,26.59,0,0,,0,1,0,0,0,0,0,0,,0,0,0
sample58,24/09/20,T1,MC1,MC1-1,8,79.88,18,F,0,0,0,1.5,0,0,0,3,0.103,1.42,,,1.37,1.78,0.13,,,,1,0,0,0,1.5,0,0,0,0,0,0,,0,0,0
sample59,24/09/20,T1,MC1,MC1-1,9,75.9,17.6,F,0,0,0,2,0,1,0,3,0.083,0.89,67.51,88.94598155,1.39,1.17,0.11,,,,0,0,0,0,1.5,0,0,0,0,0,0,,0,0,0
sample60,24/09/20,T1,MC1,MC1-1,10,69.69,17.4,F,0,0,0,2,0,0,0,3.5,0.098,0.95,61.5,88.24795523,1.32,1.36,0.14,,,,0,0,1,0,1,0,0,0,0,0,0,,0,0,0
sample61,24/09/20,T1,MC2,MC2-1,1,99,19,F,0,0,0,2,0,0,0,3,0.105,1.49,86.3,87.17171717,1.44,1.51,0.11,49.95,15.97,28.86,0,0,0,0,2,0,0,0.5,0,0,0,2,0,0,0
sample62,24/09/20,T1,MC2,MC2-1,2,104.8,19.7,F,0,0,0,3,0,0,0,4,0.136,1.42,89.79,85.67748092,1.37,1.35,0.13,45.06,16.47,23.87,1,0,0,0,1.5,0,0.5,0,0,0,0,,0,0,0
sample63,24/09/20,T1,MC2,MC2-1,3,70.6,16.8,,0,0,0,2,0,0,0,3,0.094,1.75,62.8,88.95184136,1.49,2.48,0.13,48.09,17.83,30.19,0,0,,0,2,0,0.5,0,0,0,1.5,,0,0,0
sample64,24/09/20,T1,MC2,MC2-1,4,90.21,18.8,M,0,0,0,3,0,0,0,3,0.112,1.46,80.46,89.1918856,1.36,1.62,0.12,47.33,20.82,24.91,0,0,,0,1.5,0,0,0,0,0,0,,0,0,0
sample65,24/09/20,T1,MC2,MC2-1,5,92.5,19.2,F,0,0,0,3,1,0,0,3,0.112,1.29,,,1.31,1.39,0.12,48.96,16.47,25.55,0,0,,0,1,0,0,0,0,0,0,,0,0,0
sample66,24/09/20,T1,MC2,MC2-1,6,85.67,18.4,F,0,0,0,2.5,0,0,0,3,0.095,1.34,77.77,90.77856893,1.38,1.56,0.11,,,,0,0,,0,1,0,0,0,0,0,0,,0,0,0
sample67,24/09/20,T1,MC2,MC2-1,7,76.64,17.7,M,0,0,0,3,0,0,0,2.5,0.065,1.03,,,1.38,1.34,0.08,,,,0,0,,0,1,0,0,0,0,0,0,,0,0,0
sample68,24/09/20,T1,MC2,MC2-1,8,93.77,18.6,F,0,0,0,2,0,0,0,2.5,0.128,1.23,83.68,89.23962888,1.46,1.31,0.14,,,,1,0,0,0,2.5,0,0,0,0,0,0,,0,0,0
sample69,24/09/20,T1,MC2,MC2-1,9,114.5,20.5,M,0,0,0,3,0,0,0,2,0.133,1.56,100.4,87.68558952,1.33,1.36,0.12,,,,0,0,0,0,3,0,0,0,0,0,0,,,,0
sample70,24/09/20,T1,MC2,MC2-1,10,85.08,18.4,M,0,0,0,2,0,1,0,2,0.106,1.36,74.01,86.9887165,1.37,1.6,0.12,,,,0,0,0,0,,,,,,,,,,,0
sample71,24/09/20,T1,CTR,CTR-2,1,94.44,18.7,M,0,0,0,2.5,0,0,0,2.5,0.089,1.19,83.97,88.91359593,1.44,1.26,0.09,51.99,16.46,30.36,0,0,,0,1.5,0,0,0,0,0,0,,0,0,0
sample72,24/09/20,T1,CTR,CTR-2,2,64.19,15.9,M,0,0,0,2,0,0,0,3,0.082,0.57,57.6,89.73360337,1.6,0.89,0.13,55.83,14.63,13.15,,,,,1,0,1,0,0,0,0,,0,0,0
sample73,24/09/20,T1,CTR,CTR-2,3,74.71,17.8,F,0,0,0,3,0.5,0,0,3,0.089,0.94,67,89.68009637,1.32,1.26,0.12,48.63,17.51,32.81,0,0,,0,2,0,0,0,0,0,0,,0,0,0
sample74,24/09/20,T1,CTR,CTR-2,4,55.08,15.5,M,0,0,0,3,0,0,0,3,0.074,0.82,48.7,88.41684822,1.48,1.49,0.13,,,,1,0,0,0,1.5,0,0,0,0,0,0,,0,0,0
sample75,24/09/20,T1,CTR,CTR-2,5,83.2,18.2,F,0,0,0,3,0.5,0,0,3,0.122,1.19,73.5,88.34134615,1.38,1.43,0.15,44.92,20.6,25.41,0,0,,0,2,0,0,0,0,0,0,3,0,0,0
sample76,24/09/20,T1,CTR,CTR-2,6,79.8,18.5,M,0,0,0,1.5,0,0,0,4,0.116,1.13,70.45,88.28320802,1.26,1.42,0.15,,,,1,0,0,0,2,0,0,0,0,0,0.5,,0,0,0
sample77,24/09/20,T1,CTR,CTR-2,7,83,18.2,F,0,0,0,3,0,0,0,3,0.105,0.87,73.89,89.02409639,1.38,1.05,0.13,,,,1,0,0,0,2,0,0,0,0,0,0,,0,0,0
sample78,24/09/20,T1,CTR,CTR-2,8,92.38,18.6,F,0,0,0,2.5,0,0,0,3,0.142,1.46,80.78,87.44316952,1.44,1.58,0.15,47.21,18.56,29.33,0,0,0,0,1.5,0,0,0,0,0,0,,0,0,0
sample79,24/09/20,T1,CTR,CTR-2,9,69.87,16.7,M,0,0,0,3,0,0,0,3,0.109,0.94,61.77,88.40704165,1.5,1.35,0.16,,,,0,0,0,0,2.5,0,0,0,0,0,0,,0,0,0
sample80,24/09/20,T1,CTR,CTR-2,10,113.67,19.9,F,0,0,0,3.5,0.5,0,0,4,0.149,1.38,99.68,87.69244304,1.44,1.21,0.13,,,,1,0,0,0,2,0,0,0,0,0,0,,0,0,0
sample81,24/09/20,T1,MN3,MN3-2,1,112.14,20.4,M,0,0,0,3.5,0.5,0,0,3.5,0.178,1.46,97,86.49901908,1.32,1.3,0.16,47.48,15.6,26.75,0,0,,0,2,0,0,0,0,0,0,,0,0,0
sample82,24/09/20,T1,MN3,MN3-2,2,73.59,18,M,0,0,0,3,0,0,0,3.5,0.103,1,64.05,87.0362821,1.26,1.36,0.14,54.86,13.84,33.44,0,0,0,0,1,0,0,0,0,0,0,,0,0,0
sample83,24/09/20,T1,MN3,MN3-2,3,61.21,16.5,M,0,0,0,3,0,0,0,3,0.102,0.82,53.26,87.01192616,1.36,1.34,0.17,51.15,18.31,28.15,0,0,0,0,1.5,0,1,0,0,0,0,,0,0,0
sample84,24/09/20,T1,MN3,MN3-2,4,70.57,17.2,M,0,0,0,3,0,0,0,3,0.098,0.85,62.02,87.88437013,1.39,1.2,0.14,,,,1,0,,0,1,0,0,0,0,0,0,,0,0,0
sample85,24/09/20,T1,MN3,MN3-2,5,77.45,18,M,0,0,0,2.5,0,0,0,3.5,0.106,1.16,67.75,87.47579083,1.33,1.5,0.14,54.64,13.09,26.94,0,0,0,0,1,0,0.5,0,0,0,0,,0,0,0
sample86,24/09/20,T1,MN3,MN3-2,6,75.19,18.1,M,0,0,0,2.5,0,0,0,3,0.083,,66.3,88.17661923,1.27,,0.11,54.32,14.56,36.48,0,0,0,0,1,0,0,0,0,0,0,,0,0,0
sample87,24/09/20,T1,MN3,MN3-2,7,91.34,19,M,0,0,0,2.5,0,0,0,2.5,0.117,,80.1,87.69432888,1.33,,0.13,,,,0,1,0,0,1,0,0,0,0,0,1.5,,0,0,0
sample88,24/09/20,T1,MN3,MN3-2,8,73.62,17.6,F,0,0,0,3,0,0,0,3,0.081,0.99,64.58,87.72072806,1.35,1.34,0.11,,,,0,0,0,1,1.5,0,0,0,0,0,0,,0,0,0
sample89,24/09/20,T1,MN3,MN3-2,9,80.23,18,M,0,0,0,3,0,0,0,3,,1.04,71.79,89.4802443,1.38,1.3,,,,,0,0,0,0,2,0,0,0,0,0,0,,0,0,0
sample90,24/09/20,T1,MN3,MN3-2,10,88.9,18.4,F,0,0,0,2,0.5,0,0,4,0.128,1.27,77.04,86.6591676,1.43,1.43,0.14,,,,1,0,0,0,2,0,0,0,0,0,0,,0,0,0
sample91,24/09/20,T1,MC1,MC1-2,1,71.73,17.5,F,0,0,0,2.5,0,0,0,3,0.082,1.18,63.03,87.87118361,1.34,1.65,0.11,45.58,16.05,29.31,0,0,,0,1.5,0,0,0,0,0,0,3,0,0,0
sample92,24/09/20,T1,MC1,MC1-2,2,59.74,16.2,F,0,0,0,2.5,0,0,0,2.5,0.082,0.86,52.56,87.98125209,1.41,1.44,0.14,,,,0,0,0,0,2,0,1,0,0,0,0,,0,0,1
sample93,24/09/20,T1,MC1,MC1-2,3,93.62,19,F,0,0,0,3.5,0,0,0,4,0.107,1.15,82.65,88.28241829,1.36,1.23,0.11,49.51,16.74,29.59,0,0,,0,1.5,0,0,0,0,0,0,3,0,0,0
sample94,24/09/20,T1,MC1,MC1-2,4,81.88,17.7,M,0,0,0,3,0,0,0,3.5,0.068,1.54,71.83,87.7259404,1.48,1.88,0.08,,,,1,0,0,0,1.5,0,0,0,0,0,0,3,0,0,0
sample95,24/09/20,T1,MC1,MC1-2,5,90.52,18.5,M,0,0,0,3,0,0,0,3,0.119,1.09,78.38,86.5885992,1.43,1.2,0.13,47.52,15.53,27.28,0,0,,0,2,0,0,0,0,0,0,,0,0,0
sample96,24/09/20,T1,MC1,MC1-2,6,96.78,19.5,F,0,0,0,3,0,0,0,3,0.148,1.39,84.45,87.25976441,1.31,1.44,0.15,56.04,13.44,28.57,1,0,1,0,1.5,0,0,0,0,0,0,,0,0,0
sample97,24/09/20,T1,MC1,MC1-2,7,78.08,17.5,,0,0,0,3,0,0,0,3,0.099,1.16,68.02,87.11577869,1.46,1.49,0.13,,,,0,0,0,0,1,0,0,0,0,0,0,,0,0,0
sample98,24/09/20,T1,MC1,MC1-2,8,84.61,18.4,M,0,0,0,3,1,0,0,3,0.128,0.94,72.8,86.04183903,1.36,1.11,0.15,,,,0,0,0,0,1.5,0,0,0,1,0,0,,0,0,0
sample99,24/09/20,T1,MC1,MC1-2,9,95.11,19,F,0,0,0,2.5,0,0,0,4,0.123,1.49,84.75,89.10734938,1.39,1.57,0.13,43.05,17.73,25.57,1,0,0,0,2,0,0,0,0,0,1,,0,0,0
sample100,24/09/20,T1,MC1,MC1-2,10,72.49,18,,0,0,0,3,,0,0,3,0.92,0.96,64.77,89.35025521,1.24,1.32,1.27,,,,1,0,0,0,1.5,0,0,1,0,0,0,,0,0,0
sample101,24/09/20,T1,MC2,MC2-2,1,64.3,16.8,M,0,0,0,3.5,0,0,0,3,0.061,0.86,56.53,87.91601866,1.36,1.34,0.09,48.74,14.46,26.86,0,0,1,0,1.5,0,0,0,0,0,0,,0,0,0
sample102,24/09/20,T1,MC2,MC2-2,2,100.22,19.5,F,0,0,0,3,0.5,0,0,3,0.118,1.23,88.18,87.98642985,1.35,1.23,0.12,65.05,10.77,24.24,1,0,0,0,2,0,0,0,0,0,0,,0,0,0
sample103,24/09/20,T1,MC2,MC2-2,3,130.8,21.2,M,0,0,0,2.5,0,0,0,4,0.194,1.76,113.79,86.99541284,1.37,1.35,0.15,43.82,16.17,23.99,0,0,0,0,3,0,0,0,0,0,0,,0,0,0
sample104,24/09/20,T1,MC2,MC2-2,4,107.58,19.3,M,0,0,0,3,0,0,0,3,0.15,1.59,92.03,85.54564045,1.5,1.48,0.14,49.46,17.74,28.12,1,0,0,0,1.5,0,0,0,0,0,0,,0,0,0
sample105,24/09/20,T1,MC2,MC2-2,5,78.62,17.6,M,0,0,0,3,0.5,0,0,2.5,0.083,1.05,68.06,86.56830323,1.44,1.34,0.11,49.55,19.9,24.15,0,0,,0,0.5,0,0,0,0,0,0,3,0,0,0
sample106,24/09/20,T1,MC2,MC2-2,6,72.72,17.5,M,0,0,0,2.5,1,0,0,3.5,0.094,,64.9,89.24642464,1.36,,0.13,,,,0,0,0,0,0.5,0,0,0,0,0,0,,0,0,0
sample107,24/09/20,T1,MC2,MC2-2,7,129.99,20.9,F,0,0,0,2,0.5,0,0,3,0.149,1.59,114.8,88.31448573,1.42,1.22,0.11,45.32,15.2,24.73,0,0,1,1,1,0,0,0,0,0,0,,0,0,0
sample108,24/09/20,T1,MC2,MC2-2,8,99.26,19,M,0,0,0,2.5,0,0,0,3,0.128,1.4,85.82,86.45980254,1.45,1.41,0.13,,,,0,0,1,0,1,0,0,0,0,0,1,,0,0,0
sample109,24/09/20,T1,MC2,MC2-2,9,79.54,18,M,0,0,0,2.5,0,0,0,3,0.078,1.42,68.8,86.49735982,1.36,1.79,0.1,,,,0,0,0,1,1.5,0,0,0,0,0,0,,0,0,0
sample110,24/09/20,T1,MC2,MC2-2,10,69.53,17,F,0,0,0,2.5,0,1,0,3,0.083,0.99,61.77,88.83934992,1.42,1.42,0.12,,,,0,0,1,0,2,0,0,0.5,0,0,1,,0,0,0
sample111,25/09/20,T1,CTR,CTR-3,1,51.64,15.7,M,0,0,0,3,0,0,0,2,0.051,1.7,41.25,79.87993803,1.33,3.29,0.1,,,,0,0,,0,1.5,0,1,0,0,0,0,,0,0,0
sample112,25/09/20,T1,CTR,CTR-3,2,71.55,17.2,F,0,0,0,3,0.5,0,0,4,0.106,1.08,63,88.05031447,1.41,1.51,0.15,,,,1,0,1,0,2,0,0,0,0,0,0,,0,0,0
sample113,25/09/20,T1,CTR,CTR-3,3,48.68,15.3,M,0,0,0,3,0,0,0,2,0.06,0.59,41.76,85.78471652,1.36,1.21,0.12,,,,0,0,0,0,2,0,0,0,0,0,0,,0,0,0
sample114,25/09/20,T1,CTR,CTR-3,4,80.33,17.9,,0,0,0,3,0,0,0,3.5,0.107,1.27,70.75,88.07419395,1.4,1.58,0.13,,,,0,0,,0,2.5,0,0,0,0,0,0,,0,0,0
sample115,25/09/20,T1,CTR,CTR-3,5,99.98,19.4,F,0,0,0,2.5,0,0,0,3,0.128,1.35,87.83,87.84756951,1.37,1.35,0.13,,,,1,0,0,1,2.5,0,0,0,0,0,0,,0,0,0
sample116,25/09/20,T1,CTR,CTR-3,6,80.8,17.6,M,0,0,0,2.5,0,0,1,3,0.102,1.42,70.36,87.07920792,1.48,1.76,0.13,,,,0,0,0,0,2,1,0,0,0,0,0,,0,0,0
sample117,25/09/20,T1,CTR,CTR-3,7,60.78,17.5,F,0,0,0,3,0,0,0,3,0.075,1.06,54.14,89.07535373,1.13,1.74,0.12,,,,0,0,0,0,2,0,1,0,0,0,0,,0,0,0
sample118,25/09/20,T1,CTR,CTR-3,8,77.87,17.7,F,0,0,0,2.5,0,0,0,3,0.111,1.1,68,87.32502889,1.4,1.41,0.14,57.73,11.9,20.4,0,0,,0,2,0,1,0,0,1,0,,0,0,0
sample119,25/09/20,T1,CTR,CTR-3,9,94.07,19.2,M,0,0,0,3,0,0,0,3.5,0.103,1.36,83.53,88.79557776,1.33,1.45,0.11,55.2,12.74,24.94,1,0,0,0,1,0,0,0,0,0,0,,0,0,0
sample120,25/09/20,T1,CTR,CTR-3,10,72.85,17.3,F,0,0,0,3,0.5,0,0,3,0.1,1.14,64.11,88.00274537,1.41,1.56,0.14,,,,0,0,0,0,1,0,0,0,0,0,0,,0,0,0
sample121,25/09/20,T1,MN3,MN3-3,1,60.8,16.7,M,0,0,0,3,0,0,0,3,0.067,0.77,53.3,87.66447368,1.31,1.27,0.11,58.03,10.15,24,0,0,,0,1.5,0,0,0,0,0,0,,0,0,0
sample122,25/09/20,T1,MN3,MN3-3,2,71.35,17.6,,0,0,0,2,0,0,0,3,0.076,1.75,63.13,88.47932726,1.31,2.45,0.11,,,,0,0,0,0,1.5,0,0,0,0,0,0.5,,0,0,0
sample123,25/09/20,T1,MN3,MN3-3,3,67.97,17.2,M,0,0,0,2.5,0,0,0,3,0.074,0.95,60.98,89.7160512,1.34,1.4,0.11,,,,0,0,0,0,1,0,0,0,0,0,0,,0,0,0
sample124,25/09/20,T1,MN3,MN3-3,4,69.81,17.3,F,0,0,0,2,0,0,0,3,0.086,0.91,61.33,87.85274316,1.35,1.3,0.12,61.77,12.8,16.2,0,0,0,0,1.5,0,1,0,0,0,0,3,0,0,0
sample125,25/09/20,T1,MN3,MN3-3,5,61.66,16.6,M,0,0,0,3,0,0,0,4,0.064,1.04,54.5,88.38793383,1.35,1.69,0.1,,,,0,0,0,0,1.5,0,0,0,0,0,0,,0,0,0
sample126,25/09/20,T1,MN3,MN3-3,6,85.28,18.6,M,0,0,0,2,0.5,0,0,3.5,0.108,1.11,74.04,86.81988743,1.33,1.3,0.13,,,,0,0,,0,1,0,0,0,0,0,0,,0,0,0
sample127,25/09/20,T1,MN3,MN3-3,7,66.14,17,M,0,0,0,2.5,0,0,0,3,0.088,1.05,57.53,86.98215906,1.35,1.59,0.13,61.8,8.36,16.77,0,0,,0,1,0,1,0,0,0,0,3,0,0,0
sample128,25/09/20,T1,MN3,MN3-3,8,99.05,19.04,F,0,0,0,3,0.5,0,0,3.5,0.117,1.36,86.38,87.20848057,1.44,1.37,0.12,57.4,15.6,35.84,0,0,0,0,1,0,0,0,0,0,0,,0,0,0
sample129,25/09/20,T1,MN3,MN3-3,9,47.53,15.2,M,0,0,0,2,0.5,0,0,3,0.071,0.73,41,86.26130865,1.35,1.54,0.15,,,,1,0,,0,1,0,0,0,0,0,0,,0,0,0
sample130,25/09/20,T1,MN3,MN3-3,10,81.55,18.3,M,0,0,0,2,,0,0,3.5,,1.27,72.1,88.41201717,1.33,1.56,,54.66,15.62,37.5,,0,,,1.5,0,0,0,0,0,2,,0,0,0
sample131,25/09/20,T1,MC1,MC1-3,1,113.35,20.4,M,0,0,0,3,0,0,0,3,0.137,1.5,100.1,88.31054257,1.34,1.32,0.12,55.16,14.25,30.1,0,0,,0,2,0,0,0,0,0,0,,0,0,0
sample132,25/09/20,T1,MC1,MC1-3,2,50.63,15.7,F,0,0,0,2.5,,0,0,3,,0.94,44.87,88.62334584,1.31,1.86,,,,,0,0,0,0,1,0,0,0,0,0,0,,0,0,0
sample133,25/09/20,T1,MC1,MC1-3,3,57.6,16.3,,0,0,0,2.5,0,0,0,3,0.061,0.82,49.96,86.73611111,1.33,1.42,0.11,66.22,8.68,19.83,0,0,0,0,1.5,0,0,0,0,0,0,,0,0,0
sample134,25/09/20,T1,MC1,MC1-3,4,,19.6,F,0,0,0,3,0,0,0,3.5,0.084,1.27,83.3,,,,0.16,56.62,16.52,34.9,1,0,,0,2,0,1,1,0,0,0.5,,0,0,0
sample135,25/09/20,T1,MC1,MC1-3,5,83.4,18.3,M,0,0,0,2,0,0,0,3,0.095,1.23,73.28,87.86570743,1.36,1.47,0.11,50.69,16.19,26.1,0,0,0,0,2,0,0,0,0,0,0,,0,0,0
sample136,25/09/20,T1,MC1,MC1-3,6,57.38,16.1,F,0,0,0,2,0,0,0,3,0.076,0.78,50,87.13837574,1.37,1.36,0.13,,,,1,0,,0,0.5,0,0,0,0,0,0,,0,0,0
sample137,25/09/20,T1,MC1,MC1-3,7,63.04,17,M,0,0,0,2,0,0,0,4,0.077,1.07,55.23,87.61104061,1.28,1.7,0.12,48.41,19.95,21.37,0,0,0,0,1,0,0.5,0,0,0,0,,0,0,0
sample138,25/09/20,T1,MC1,MC1-3,8,103.62,19.5,F,0,0,0,2,0,0,0,2.5,0.11,1.39,90.87,87.69542559,1.4,1.34,0.11,50.43,18.6,27.95,0,0,,0,1.5,0,0,0,0,0,0,,0,0,0
sample139,25/09/20,T1,MC1,MC1-3,9,58.16,15.9,M,0,0,0,2,0,0,0,3.5,0.074,0.92,46.88,80.60522696,1.45,1.58,0.13,,,,1,0,0,0,2,0,0.5,0,0,0,0,,0,0,0
sample140,25/09/20,T1,MC1,MC1-3,10,64.97,15.3,F,0,0,0,2,0,0,0,4,0.09,0.94,57.7,88.8102201,,1.45,0.14,,,,1,0,0,0,1.5,0,0,0,0,0,0,,0,0,0
sample141,25/09/20,T1,MC2,MC2-3,1,67.63,17.5,M,0,0,0,2,0,0,0,3.5,0.074,0.84,59.57,88.08221204,1.26,1.24,0.11,51.9,16.47,24.62,0,0,,0,1,0,0,0,0,0,0,,0,0,0
sample142,25/09/20,T1,MC2,MC2-3,2,82.25,18.2,F,0,0,0,2,0,0,0,3.5,0.117,1.21,71.5,86.93009119,1.36,1.47,0.14,47.14,15.85,26.07,0,0,0,0,1,0,0,0,0,0,0,,0,0,0
sample143,25/09/20,T1,MC2,MC2-3,3,79.16,17.8,F,0,0,0,2.5,0,0,0,4,0.103,1.18,69.53,87.83476503,1.4,1.49,0.13,43.97,16.72,23.68,0,0,,0,1.5,0,0,0,0,0,0,,0,0,0
sample144,25/09/20,T1,MC2,MC2-3,4,80.56,18,F,0,0,0,2,0,0,0,3.5,0.127,0.9,70.7,87.76067527,1.38,1.12,0.16,47.4,17.24,20.88,0,0,0,0,2,0,0,0,0,0,0,,0,0,0
sample145,25/09/20,T1,MC2,MC2-3,5,64.74,17,F,0,0,0,2.5,0,0,0,3.5,0.082,0.88,56.6,87.4266296,1.32,1.36,0.13,50.04,15.93,24.4,,0,0,0,1,0,0,0,0,0,0,,0,0,0
sample146,25/09/20,T1,MC2,MC2-3,6,66.22,16.8,M,0,0,0,2,0,0,0,4,0.088,1.09,58.05,87.66233766,1.4,1.65,0.13,,,,0,0,0,0,1,0,0,0,0,0,0,,0,0,0
sample147,25/09/20,T1,MC2,MC2-3,7,92.04,18.8,M,0,0,0,2,0.5,0,0,3,0.129,1.28,82.4,89.52629292,1.39,1.39,0.14,40.96,13.97,24.63,0,0,0,0,1,0,0,0,0,0,0,,0,0,0
sample148,25/09/20,T1,MC2,MC2-3,8,70.3,17.2,F,0,0,0,2,0,0,0,3,0.081,1.4,62,88.19345661,1.38,1.99,0.12,,,,0,0,0,0,2,0,0,0,0,0,0,,0,0,0
sample149,25/09/20,T1,MC2,MC2-3,9,63.15,17.6,F,0,0,0,2.5,0,0,0,3,0.092,0.84,56.7,89.78622328,1.16,1.33,0.15,,,,0,0,,0,1.5,0,0,0,0,0,0,,0,0,0
sample150,25/09/20,T1,MC2,MC2-3,10,91.64,19.2,F,0,0,0,2.5,0,0,0,4,0.117,1.22,82.05,89.53513749,1.29,1.33,0.13,,,,1,0,0,0,0.5,,,,,,,,,,0
sample151,29/10/20,T2,CTR,CTR-1,1,152,23.7,M,0,0,0,3.5,0,0,0,4,0.198,,137,90.13157895,1.14,,0.13,,,,0,1,,0,1,0,0,0,0,0,0,1,0,0,0
sample152,29/10/20,T2,CTR,CTR-1,2,175,25.5,F,0,0,0,3.5,0,0,0,4,0.218,2,155,88.57142857,1.06,1.14,0.12,,,,0,1,,1,2,0,0,2,0,0,0,1,0,0,0
sample153,29/10/20,T2,CTR,CTR-1,3,73,18.2,F,0,0,0,3,0,0,0,3.5,0.131,0.51,68,93.15068493,1.21,0.7,0.18,,,,1,1,,1,2,0,0,0,0,0,0,1,0,0,0
sample154,29/10/20,T2,CTR,CTR-1,4,131,22,F,0,0,0,3.5,0,0,0,4,0.192,1.09,118,90.07633588,1.23,0.83,0.15,,,,0,1,1,0,2,0,0,0,0,0,0,2,1,0,0
sample155,29/10/20,T2,CTR,CTR-1,5,92,20,M,0,0,0,3.5,0,0,0,3.5,0.163,0.78,82.9,90.10869565,1.15,0.85,0.18,,,,0,1,,0,0.5,0,0,0,0,0,0,0,0,0,0
sample156,29/10/20,T2,CTR,CTR-1,6,152.1,22.2,M,0,0,0,3,0,0,0,4,0.217,1.23,136.7,89.87508218,1.39,0.81,0.14,,,,0,1,1,0,1,0,0,1.5,0.5,0,0,1,0,0,0
sample157,29/10/20,T2,CTR,CTR-1,7,72.6,18.3,F,0,0,0,2,0,0,0,2.5,0.11,0.53,67,92.28650138,1.18,0.73,0.15,,,,0,1,,1,3,0,0,1,0,0,0,0,0.5,0,0
sample158,29/10/20,T2,CTR,CTR-1,8,136,22.9,F,0,0,0,3,0,0,0,3,0.212,0.97,119.6,87.94117647,1.13,0.71,0.16,,,,0,1,1,1,1,0,0,1,0,0,0,0,0,0,0
sample159,29/10/20,T2,CTR,CTR-1,9,91.8,19.8,M,0,0,0,3,0,0,0,2,0.126,0.77,82.2,89.54248366,1.18,0.84,0.14,,,,0,1,0,0,1.5,0,0,1,0,0,0,0,0,0,0
sample160,29/10/20,T2,CTR,CTR-1,10,122.8,21.3,M,0,0,0,3,,0,0,4,,0.85,111.6,90.87947883,1.27,0.69,,,,,,,,,1.5,0,0,0,0,0,0,0.5,0,0,0
sample161,29/10/20,T2,MN3,MN3-1,1,154,23.4,F,0,0,0,3,0,0,0,3,0.211,1.21,136,88.31168831,1.2,0.79,0.14,,,,0,1,,1,2.5,0,0,1,0,0,0,0,0,0,0
sample162,29/10/20,T2,MN3,MN3-1,2,116,21.3,F,0,0,0,3,0,0,0,2.5,0.153,0.89,106,91.37931034,1.2,0.77,0.13,,,,1,1,,0,1,0,0,2,0.5,0,0,1,0,0,0
sample163,29/10/20,T2,MN3,MN3-1,3,149,23.3,F,0,0,0,3,0.5,0,0,4,0.184,1.2,135,90.60402685,1.18,0.81,0.12,,,,0,1,,1,1.5,0,0,2,1,0,0,1,1,0,0
sample164,29/10/20,T2,MN3,MN3-1,4,130,21.8,F,0,0,0,2,0,0,0,4,0.183,1.26,115,88.46153846,1.25,0.97,0.14,,,,0,1,1,1,2,0,0,2,0,0,0,1,0,0,0
sample165,29/10/20,T2,MN3,MN3-1,5,118,21.5,F,0,0,0,3,0,0,0,4,0.147,0.8,105.7,89.57627119,1.19,0.68,0.12,,,,0,1,,1,2,0,2,0,0,0,0,1,0,0,0
sample166,29/10/20,T2,MN3,MN3-1,6,124,21.2,M,0,0,0,2.5,0,0,0,4,0.184,1.2,109,87.90322581,1.3,0.97,0.15,,,,0,1,,1,1,0,0,1,0,0,0,0,0,0,0
sample167,29/10/20,T2,MN3,MN3-1,7,118.5,22.1,M,0,0,0,3,0,0,0,4,0.17,0.97,109.7,92.57383966,1.1,0.82,0.14,,,,1,0,1,0,1,0,0,1,0,0,0,2,0,0,0
sample168,29/10/20,T2,MN3,MN3-1,8,132.4,22.7,M,0,0,0,2.5,0,0,0,3,0.218,1.04,119,89.87915408,1.13,0.79,0.16,,,,0,1,,0,1.5,0,0,1,0,0,0,0,0,0,0
sample169,29/10/20,T2,MN3,MN3-1,9,120.9,22.2,F,0,0,0,2.5,,0,0,4,,0.44,109.5,90.5707196,1.11,0.36,,,,,0,1,,0,1,0,0,1,0,0,0,0,0,0,0
sample170,29/10/20,T2,MN3,MN3-1,10,122.4,21.5,M,0,0,0,3,0.5,0,0,4,0.193,1.09,109,89.05228758,1.23,0.89,0.16,,,,0,1,1,0,0.5,0,0,0.5,0,0,0,1,0,0,0
sample171,29/10/20,T2,MC1,MC1-1,1,111.7,21.3,F,0,0,0,2,0.5,0,0,3,0.174,0.88,100.2,89.7045658,1.16,0.79,0.16,,,,0,1,,0,0,1,0,1,0,0,0,1.5,1,0,0
sample172,29/10/20,T2,MC1,MC1-1,2,140,22.2,M,0,0,0,2.5,0,0,0,3,0.174,1.11,125,89.28571429,1.28,0.79,0.12,,,,1,1,1,0,2,0,0,1,0,0,0,0,0,0,0
sample173,29/10/20,T2,MC1,MC1-1,3,130,22,M,0,0,0,2,0,0,0,3,0.218,1.24,117,90,1.22,0.95,0.17,,,,0,1,1,0,1.5,0,0,0.5,1,0,0,0.5,0,0,0
sample174,29/10/20,T2,MC1,MC1-1,4,136,23,F,0,0,0,3,0,0,0,3.5,0.211,1,121.8,89.55882353,1.12,0.74,0.16,,,,0,1,1,0,1,0,0,2,0,0,0,3,2,0,0
sample175,29/10/20,T2,MC1,MC1-1,5,123.7,22,F,0,0,0,3,0,0,0,2.5,0.191,0.86,109,88.11641067,1.16,0.7,0.15,,,,0,1,,0,1,0,0,0,0,0,0,1,0,0,0
sample176,29/10/20,T2,MC1,MC1-1,6,110.2,21.2,F,0,0,0,3,0,0,0,3.5,,0.59,,,1.16,0.54,,,,,0,1,1,1,1.5,0,0,0.5,0,0,0,0,0,0,0
sample177,29/10/20,T2,MC1,MC1-1,7,126.9,22.5,M,0,0,0,2,0,0,0,3.5,0.192,1.11,113,89.0464933,1.11,0.87,0.15,,,,0,1,0,0,2,0,0,0,0,0,0,1,,0,0
sample178,29/10/20,T2,MC1,MC1-1,8,135.3,22.5,F,0,0,0,2,0,0,0,3.5,0.197,1.3,123.6,91.35254989,1.19,0.96,0.15,,,,0,1,,,1,0,0,0.5,0,0,0,2,0,0,0
sample179,29/10/20,T2,MC1,MC1-1,9,140,22.5,M,0,0,0,3,0,0,0,3,0.21,1.06,125,89.28571429,1.23,0.76,0.15,,,,1,1,,0,1,0,0,1,0,0,0.5,0,0.5,0,0
sample180,29/10/20,T2,MC1,MC1-1,10,127.2,22.5,M,0,0,0,3,0,0,0,4,0.141,0.89,116,91.19496855,1.12,0.7,0.11,,,,1,1,1,0,2,0,0,1,0,0,0,3,,0,0
sample181,29/10/20,T2,MC2,MC2-1,1,98,22,M,0,0,0,3,0.5,0,0,2,0.158,0.6,96.4,98.36734694,0.92,0.61,0.16,,,,0,1,,1,1.5,0,0,1,0,0,0,0,0,0,0
sample182,29/10/20,T2,MC2,MC2-1,2,109.7,21.7,M,0,0,0,2.5,0,0,0,2,0.173,0.57,100.3,91.43117593,1.07,0.52,0.16,,,,0,1,1,1,1,0,0,2,0,0,0,1,1,0,0
sample183,29/10/20,T2,MC2,MC2-1,3,110.02,21.7,M,0,0,0,4,0,0,0,3,0.179,0.72,103.4,93.9829122,1.08,0.65,0.16,,,,0,1,,0,1.5,0,0,0,0,0,0,0.5,1,0,0
sample184,29/10/20,T2,MC2,MC2-1,4,91.5,20.6,M,0,0,0,3,0,0,0,2,,0.56,83.3,91.03825137,1.05,0.61,,,,,0,1,1,,2,0,0,1,0,0,0,0,0.5,0,0
sample185,29/10/20,T2,MC2,MC2-1,5,98.3,20.4,M,0,0,0,3.5,0,0,0,3.5,0.134,0.59,88.3,89.82706002,1.16,0.6,0.14,,,,0,1,0,0,1.5,0,0,0.5,0,0,0,1,1,0,0
sample186,29/10/20,T2,MC2,MC2-1,6,140,23.2,M,0,0,0,3,0.5,0,0,3,0.199,0.92,132,94.28571429,1.12,0.66,0.14,,,,0,1,,1,1,0,0,0.5,0,0,0,0,0,2,0
sample187,29/10/20,T2,MC2,MC2-1,7,110.4,21.5,M,0,0,0,2,0.5,0,0,2.5,0.176,0.7,99.5,90.12681159,1.11,0.63,0.16,,,,0,1,1,0,0.5,0,0,1,0,0,0,2,2,0,0
sample188,29/10/20,T2,MC2,MC2-1,8,135.2,23,M,0,0,0,2.5,0.5,0,0,2,0.145,0.95,107.6,79.58579882,1.11,0.7,0.11,,,,1,1,1,1,1,0,0,1,0,0,0,0,0.5,0,0
sample189,29/10/20,T2,MC2,MC2-1,9,111.5,21.3,F,0,0,0,3,0,0,0,3,0.171,0.87,99,88.78923767,1.15,0.78,0.15,,,,,,,,2.5,0,0,0.5,0,0,0,2,1,0,0
sample190,29/10/20,T2,MC2,MC2-1,10,164,24.4,M,0,0,0,3.5,0.5,0,0,4.5,0.225,0.98,149.8,91.34146341,1.13,0.6,0.14,,,,0,1,1,1,1.5,0,0,1,0,0,0,1,1,0,0
sample191,29/10/20,T2,MC1,MC1-2,1,107,21.3,F,0,0,0,3,0,0,0,3,0.17,0.71,99.4,92.89719626,1.11,0.66,0.16,,,,0,1,,1,1,0,0,1,0,0,0,0.5,1,0,0
sample192,29/10/20,T2,MC1,MC1-2,2,174.4,24.4,M,0,0,0,3,0.5,0,0,3,0.231,,158,90.59633028,1.2,,0.13,,,,0,1,,1,1.5,0,0,0,0,0,0,2,1,0,0
sample193,29/10/20,T2,MC1,MC1-2,3,106,21.8,M,0,0,0,3.5,0,0,0,3.5,0.145,0.64,,,1.02,0.6,0.14,,,,0,1,,0,1.5,0,0,0,0,0,0,0,0.5,0,0
sample194,29/10/20,T2,MC1,MC1-2,4,202.57,25.9,F,0,0,0,2,0,0,0,4,0.216,1.58,185.6,91.62264896,1.17,0.78,0.11,,,,1,1,1,1,1,,0,0,0,0,0,2,0.5,0,0
sample195,29/10/20,T2,MC1,MC1-2,5,78.4,19.3,M,0,0,0,3,0,0,0,3.5,0.119,0.63,71.7,91.45408163,1.09,0.8,0.15,,,,0,1,,1,0.5,0,0,2,0,0,0.5,0,1,0,0
sample196,29/10/20,T2,MC1,MC1-2,6,151.8,24.2,M,0,0,0,3,,0,0,4,,1.2,141,92.88537549,1.07,0.79,,,,,0,1,,0,0.5,,0,0.5,0,0,0,0,1,0,0
sample197,29/10/20,T2,MC1,MC1-2,7,104.2,26,F,0,0,0,3,0,0,0,3.5,0.173,0.71,94.2,90.40307102,,0.68,0.17,,,,1,1,,0,1,0,0,0.5,0,0,0,1,0.5,0,0
sample198,29/10/20,T2,MC1,MC1-2,8,144,23.2,F,0,0,0,2,0,0,0,3,0.231,0.81,129.8,90.13888889,1.15,0.56,0.16,,,,1,1,1,1,2,0,0,0.5,0,0,0,0,2,0,0
sample199,29/10/20,T2,MC1,MC1-2,9,122.8,22.5,F,0,0,0,3.5,,0,0,4,0.222,0.84,110,89.57654723,1.08,0.68,0.18,,,,0,1,,0,1.5,,0,0,0,0,0,0,2,0,0
sample200,29/10/20,T2,MC1,MC1-2,10,93.7,20.2,M,0,0,0,2,0,0,0,3,0.146,0.67,84.2,89.86125934,1.14,0.72,0.16,,,,1,1,,1,0.5,0,0,0.5,0,0,0,2,2,0,0
sample201,29/10/20,T2,MC2,MC2-2,1,121,22,F,0,0,0,2,0,1,0,3.5,0.176,1.15,111.6,92.23140496,1.14,0.95,0.15,,,,0,1,,1,2,0,0,1,0,0,0,0,0.5,0,0
sample202,29/10/20,T2,MC2,MC2-2,2,133.8,23.1,M,0,0,0,2,,1,0,3,,0.96,122.2,91.3303438,1.09,0.72,,,,,0,1,,1,1.5,0,0,1,0,0,0,1,2,0,0
sample203,29/10/20,T2,MC2,MC2-2,3,119.2,20.4,M,0,0,0,1.5,0,0,0,3,0.111,1.09,105.9,88.84228188,1.4,0.91,0.09,,,,0,1,,0,0.5,0,0,0,0,0,0,0,1,0,0
sample204,29/10/20,T2,MC2,MC2-2,4,116.9,20.7,M,0,0,0,1.5,0,1,0,3,0.144,0.99,104.3,89.22155689,1.32,0.85,0.12,,,,0,1,,1,2,0,0,1,0,0,0,1.5,1,0,0
sample205,29/10/20,T2,MC2,MC2-2,5,90.4,19.6,F,0,0,0,2,0,1,0,3.5,0.147,0.88,81.2,89.82300885,1.2,0.97,0.16,,,,1,1,,0,1,0,0,2,0,0,0,1.5,1,0,0
sample206,29/10/20,T2,MC2,MC2-2,6,69.5,17.8,M,0,0,0,2,0,0,0,3,0.084,0.49,63.78,91.76978417,1.23,0.71,0.12,,,,1,0,1,0,1,0,0,0,0,0,0,0,1.5,0,0
sample207,29/10/20,T2,MC2,MC2-2,7,115.9,22.8,M,0,0,0,3,0.5,1,0,3,0.19,0.88,101,87.14408973,0.98,0.76,0.16,,,,0,1,,0,1.5,0,0,1.5,0,0,0,3,1.5,0,0
sample208,29/10/20,T2,MC2,MC2-2,8,96.7,20.3,M,0,0,0,3,0,0,0,3,0.71,0.8,,,1.16,0.83,0.73,,,,1,1,1,0,2,0,0,0,0,0,0,0,1.5,0,0
sample209,29/10/20,T2,MC2,MC2-2,9,126.4,22.3,F,0,0,0,3,0,0,0,3.5,0.222,0.9,114,90.18987342,1.14,0.71,0.18,,,,0,1,,1,1.5,0,0,0,0,0,0,1,0,0,0
sample210,29/10/20,T2,MC2,MC2-2,10,108.1,21.1,,0,0,0,3,0,0,0,3.5,,0.83,97.4,90.10175763,1.15,0.77,,,,,0,0,1,0,1,0,0,0.5,0,0,0,0.5,0.5,0,0
sample211,29/10/20,T2,CTR,CTR-2,1,84.8,19.4,F,0,0,0,2,0,0,0,2,,0.78,78,91.98113208,1.16,0.92,,,,,,,,,1,0,0,0.5,0,0,0,0,0,0,0
sample212,29/10/20,T2,CTR,CTR-2,2,141.2,22.8,M,0,0,0,2.5,0,1,0,3,0.262,0.9,129.4,91.64305949,1.19,0.64,0.19,,,,0,1,0,0,1,0,0,0,0,0,0,1,1,0,0
sample213,29/10/20,T2,CTR,CTR-2,3,119.4,21,M,0,0,0,2.5,0,1,0,3,0.185,1.03,107.2,89.78224456,1.29,0.86,0.15,,,,0,1,,0,1,0,0,0.5,0,0,0,1.5,0,0,0
sample214,29/10/20,T2,CTR,CTR-2,4,102.8,20.8,F,0,0,0,3,0,0,0,3.5,0.158,0.79,91.4,88.91050584,1.14,0.77,0.15,,,,1,1,1,0,2,0,0,0,0,0,0,0,1,0,0
sample215,29/10/20,T2,CTR,CTR-2,5,96.5,20.4,F,0,0,0,3,0,0,0,4,0.147,0.71,85.3,88.39378238,1.14,0.74,0.15,,,,0,1,,1,1,0,0,0.5,0,0,0,0.5,0.5,0,0
sample216,29/10/20,T2,CTR,CTR-2,6,166.7,24.5,F,0,0,0,3,0.5,0,0,4,0.241,1.32,153.5,92.08158368,1.13,0.79,0.14,,,,1,1,0,0,0.5,0,0,0.5,0,0,0.5,0.5,0.5,0,0
sample217,29/10/20,T2,CTR,CTR-2,7,183.7,23.8,M,0,0,0,3,0,0,0,3.5,0.232,,135,,,,0.13,,,,0,1,,0,1,0,0,0.5,0,0,0,0.5,0.5,0,0
sample218,29/10/20,T2,CTR,CTR-2,8,104.6,21.2,F,0,0,0,3,0,1,0,3,0.168,0.69,94,89.86615679,1.1,0.66,0.16,,,,0,1,1,0,1.5,0,0,1,0,0,0,0,1,0,0
sample219,29/10/20,T2,CTR,CTR-2,9,122.3,22.4,F,0,0,0,3,0,0,0,4,0.213,0.99,111,90.76042518,1.09,0.81,0.17,,,,0,1,,1,1,0,0,1,0,0,0.5,2,0,0,0
sample220,29/10/20,T2,CTR,CTR-2,10,74.6,19.2,F,0,0,0,3,0,0,0,3,0.124,0.36,67,89.81233244,1.05,0.48,0.17,,,,1,1,1,0,1,0,0,0,0,0,0,0.5,0,0,0
sample221,29/10/20,T2,MN3,MN3-2,1,110,20,F,0,0,0,2,0.5,0,0,3,0.196,0.75,100.47,91.33636364,1.38,0.68,0.18,,,,0,1,,0,0,0,0,0,0,0,0,0,1,0,1
sample222,29/10/20,T2,MN3,MN3-2,2,103.9,20.4,F,0,0,0,3,0,0,0,3,0.162,0.71,92,88.5466795,1.22,0.68,0.16,,,,0,1,0,0,0.5,0,0,0,0,0,0,0,0,0,0
sample223,29/10/20,T2,MN3,MN3-2,3,109.7,19.8,M,0,0,0,2,0,1,0,2,0.151,0.92,99,90.2461258,1.41,0.84,0.14,,,,0,1,,0,1.5,0,0,0.5,0,0,0,1,1,0,1
sample224,29/10/20,T2,MN3,MN3-2,4,95.4,19.2,F,0,0,0,2.5,0,0,0,3,0.132,0.67,87.1,91.29979036,1.35,0.7,0.14,,,,1,1,,1,0.5,0,0,0,0,0,0,1.5,1,0,1
sample225,29/10/20,T2,MN3,MN3-2,5,110.9,21.3,M,0,0,0,3,0,0,0,3,0.146,0.9,100.4,90.53201082,1.15,0.81,0.13,,,,0,1,1,0,1,0,0,0,0,0,0.5,0,0,0,0
sample226,29/10/20,T2,MN3,MN3-2,6,104.2,21.1,M,0,0,0,3,0,0,0,3,0.135,0.78,98.5,94.52975048,1.11,0.75,0.13,,,,0,0,0,0,0.5,0,0,0.5,0,0,0,3,0.5,0,0
sample227,29/10/20,T2,MN3,MN3-2,7,91.5,18.2,M,0,0,0,2,0,1,0,2.5,0.188,0.67,82.7,90.38251366,1.52,0.73,0.21,,,,1,1,,0,0.5,0,0,0,0,0,0,1,1,0,1
sample228,29/10/20,T2,MN3,MN3-2,8,113.1,21.8,M,0,0,0,3,0,1,0,3,0.15,0.76,101,89.30150309,1.09,0.67,0.13,,,,0,1,0,0,1,0,0,0.5,0,0,0,0.5,2,0,0
sample229,29/10/20,T2,MN3,MN3-2,9,97.9,21.2,,0,0,0,3,0,0,0,3,0.121,0.81,87.8,89.68335036,1.03,0.83,0.12,,,,1,1,,0,2.5,0,0,0.5,0,0,0.5,2,0.5,0,0
sample230,29/10/20,T2,MN3,MN3-2,10,106.2,20.8,M,0,0,0,3,0,1,0,3.5,,0.72,95.1,89.5480226,1.18,0.68,,,,,1,1,,1,0.5,0,0,2,0,0,0,0.5,0.5,0,0
sample231,30/10/20,T2,MC2,MC2-3,1,111.7,20.8,M,0,0,0,1.5,0,0,0,3,0.186,1.13,101.08,90.49239033,1.24,1.01,0.17,,,,0,1,,0,0,0,0,0,0,0,0,0.5,0.5,0,0
sample232,30/10/20,T2,MC2,MC2-3,2,105.2,22,M,0,0,0,3,0,0,0,4,0.159,0.81,105,99.80988593,0.99,0.77,0.15,,,,0,1,,0,1,0,0,0.5,0,0,0,0.5,0.5,0,0
sample233,30/10/20,T2,MC2,MC2-3,3,129.5,22.3,M,0,0,0,3,0,0,0,3.5,0.167,0.96,118.3,91.35135135,1.17,0.74,0.13,,,,0,1,,0,1,0,0,1.5,0,0,0,1,1,0,0
sample234,30/10/20,T2,MC2,MC2-3,4,133,22,F,0,0,0,1.5,,0,0,2.5,,1.01,122.3,91.95488722,1.25,0.76,,,,,,1,,0,1,0,0,1,0,0,0,1,1,0,0
sample235,30/10/20,T2,MC2,MC2-3,5,132,23.4,M,0,0,0,2,,1,0,2.5,,1.13,119.6,90.60606061,1.03,0.86,,,,,0,1,1,0,1,0,0,1,0,0,0,0,2,0,0
sample236,30/10/20,T2,MC2,MC2-3,6,114.4,21.4,F,0,0,0,3,0.5,0,0,3,0.142,0.84,106.4,93.00699301,1.17,0.73,0.12,,,,1,1,,,0.5,0,0,0,0,0,0,0,1,0,0
sample237,30/10/20,T2,MC2,MC2-3,7,107.5,20.6,M,0,0,0,1,0,0,0,3,0.175,0.96,96.3,89.58139535,1.23,0.89,0.16,,,,1,1,,0,1,0,0,1,0,0,0,2.5,1.5,0,0
sample238,30/10/20,T2,MC2,MC2-3,8,92.63,20.5,F,0,0,0,1,0,0,0,3.5,0.151,0.74,83,89.60380006,1.08,0.8,0.16,,,,1,0,1,0,1,0,0,1,0,0,0,1,1,0,0
sample239,30/10/20,T2,MC2,MC2-3,9,111.5,20.8,M,0,0,0,3,0,0,0,2.5,0.195,0.75,99.3,89.05829596,1.24,0.67,0.17,,,,1,1,1,0,0.5,0,0,0.5,0,0,0,2,1,0,0
sample240,30/10/20,T2,MC2,MC2-3,10,94.2,20,F,0,0,0,3,0,0,0,3.5,0.256,0.65,84.3,89.49044586,1.18,0.69,0.27,,,,1,1,1,1,1,0,0,1,0,0,0,2,1,0,0
sample241,30/10/20,T2,CTR,CTR-3,1,171.1,24.8,M,0,0,0,3,0,0,0,3,0.183,1.44,153.8,89.88895383,1.12,0.84,0.11,,,,0,1,0,1,1.5,0,0,0,0,0,0,0,0,0,0
sample242,30/10/20,T2,CTR,CTR-3,2,137.2,22.3,M,0,0,0,2,0,0,0,3,0.188,1.42,123.4,89.94169096,1.24,1.03,0.14,,,,0,1,0,0,1,0,0,1,0,0,0,0.5,0.5,0,0
sample243,30/10/20,T2,CTR,CTR-3,3,117.2,22.2,F,0,0,0,2.5,0,0,0,3.5,,0.91,104.9,89.50511945,1.07,0.78,,,,,0,1,1,0,2,0,0,0.5,0,0,0.5,0,1.5,0,0
sample244,30/10/20,T2,CTR,CTR-3,4,112.5,20.4,M,0,0,0,2.5,0,1,0,2.5,0.192,1.15,99.5,88.44444444,1.33,1.02,0.17,,,,1,1,1,0,1.5,0,0,0,0,0,0,0,2,0,1
sample245,30/10/20,T2,CTR,CTR-3,5,153,24.2,F,0,0,0,3,0,0,0,3.5,0.263,1.32,139.2,90.98039216,1.08,0.86,0.17,,,,1,1,0,0,2,0,0,2,0,0,0,1,0,0,0
sample246,30/10/20,T2,CTR,CTR-3,6,127.1,22,M,0,0,0,2,0,0,0,3,0.185,0.97,115.2,90.63729347,1.19,0.76,0.15,,,,1,1,1,0,1,0,0,1,0,0,0,2,2,0,0
sample247,30/10/20,T2,CTR,CTR-3,7,151.8,24,F,0,0,0,2,0,0,0,3,0.246,1.33,138.2,91.04084321,1.1,0.88,0.16,,,,0,1,1,0,2,0,0,0,0,0,0,0.5,1,0,0
sample248,30/10/20,T2,CTR,CTR-3,8,113.8,21.9,F,0,0,0,2,0,0,0,2.5,0.166,1.4,102.6,90.15817223,1.08,1.23,0.15,,,,1,1,1,0,1,0,0,0,0,0,0,3,0,0,0
sample249,30/10/20,T2,CTR,CTR-3,9,123.3,22,F,0,0,0,3,0,1,0,2.5,0.165,0.87,110.7,89.7810219,1.16,0.71,0.13,,,,0,1,,0,1,0,0,0,0,0,0,0,2,0,1
sample250,30/10/20,T2,CTR,CTR-3,10,91.8,20.4,F,0,0,0,2.5,0,0,0,3,0.125,0.77,80.5,87.69063181,1.08,0.84,0.14,,,,1,1,,0,1,0,0,0,0,0,0,0.5,0.5,0,0
sample251,30/10/20,T2,MN3,MN3-3,1,192.9,25.3,M,0,0,0,2,0,0,0,3,0.228,1.54,174.4,90.40953862,1.19,0.8,0.12,,,,0,1,0,0,1.5,0,0,0,0,0,0,0,1,0,0
sample252,30/10/20,T2,MN3,MN3-3,2,139.9,22.8,M,0,0,0,3,0,0,0,3,0.216,1.36,125.6,89.77841315,1.18,0.97,0.15,,,,0,1,,1,1,0,0,0.5,0,0,0,0,0,0,0
sample253,30/10/20,T2,MN3,MN3-3,3,125.2,21.2,,0,0,0,2,0.5,1,0,3,0.165,0.89,114,91.0543131,1.31,0.71,0.13,,,,0,1,1,0,2,0,0,0,0,0,0.5,0,0,0,0
sample254,30/10/20,T2,MN3,MN3-3,4,107,22,F,0,0,0,2,0.5,1,0,3,0.18,0.72,96.4,90.09345794,1,0.67,0.17,,,,1,1,1,1,1,0,0,1,0,0,0,0.5,2,0,0
sample255,30/10/20,T2,MN3,MN3-3,5,123.6,22.2,M,0,0,0,3,0.5,1,0,3,0.142,0.78,111.7,90.37216828,1.13,0.63,0.11,,,,0,1,0,0,1.5,0,0,1,0,0,0,2,2,0,0
sample256,30/10/20,T2,MN3,MN3-3,6,130.5,22.2,F,0,0,0,1.5,0,1,0,3,0.203,0.95,118.2,90.57471264,1.19,0.73,0.16,,,,1,1,1,0,1,0,0,0,0,0,0,0.5,0.5,0,0
sample257,30/10/20,T2,MN3,MN3-3,7,109.4,21.7,M,0,0,0,3,0,0,0,3,0.159,0.55,100,91.40767824,1.07,0.5,0.15,,,,0,1,,1,1,0,0,0.5,0,0,0,0,0,0,0
sample258,30/10/20,T2,MN3,MN3-3,8,110.9,20.5,F,0,0,0,2,0.5,1,0,3,0.174,0.89,100.4,90.53201082,1.29,0.8,0.16,,,,0,1,0,0,1,0,0,0.5,0,0,0,2,0.5,0,1
sample259,30/10/20,T2,MN3,MN3-3,9,115.4,22.2,M,0,0,0,3,0.5,1,0,3,0.156,0.95,105,90.98786828,1.05,0.82,0.14,,,,0,1,1,0,1,0,0,2,0,0,1,0,2,0,0
sample260,30/10/20,T2,MN3,MN3-3,10,124,22.8,M,0,0,0,2,0,1,0,3,0.219,1.07,110.6,89.19354839,1.05,0.86,0.18,,,,1,1,1,0,1.5,0,0,0.5,0,0,0,3,1,0,0
sample261,30/10/20,T2,MC1,MC1-3,1,97.05,20.6,F,0,0,0,2,0,1,0,3,0.129,0.73,88.2,90.88098918,1.11,0.75,0.13,,,,0,1,0,0,1,0,0,2,0,0,0,0,0,0,0
sample262,30/10/20,T2,MC1,MC1-3,2,145.7,23.2,M,0,0,0,2.5,0.5,0,0,3,0.211,1.27,133.3,91.4893617,1.17,0.87,0.14,,,,0,1,1,0,2,0,0,0.5,0,0,0,0,0.5,0,0
sample263,30/10/20,T2,MC1,MC1-3,3,102.4,21.2,M,0,0,0,2.5,0.5,0,0,3,0.159,0.77,93.4,91.2109375,1.07,0.75,0.16,,,,1,1,1,0,0.5,0,0,3,0,0,0,1,1,0,0
sample264,30/10/20,T2,MC1,MC1-3,4,98.6,20.8,F,0,0,0,2,0,1,0,2,0.173,0.64,90,91.27789047,1.1,0.65,0.18,,,,1,1,1,1,1.5,0,0,0.5,0,0,0,1,1,0,0
sample265,30/10/20,T2,MC1,MC1-3,5,92.4,20.3,M,0,0,0,2,0,1,0,3,0.169,0.8,84.3,91.23376623,1.1,0.87,0.18,,,,0,1,,1,1.5,0,0,0.5,0,0,0.5,1,1,0,0
sample266,30/10/20,T2,MC1,MC1-3,6,119,22,F,0,0,0,3,0,1,0,3,0.198,1.06,111,93.27731092,1.12,0.89,0.17,,,,0,1,,0,1,0,0,1,0,0,0.5,0,0,0,1
sample267,30/10/20,T2,MC1,MC1-3,7,170,24.3,M,0,0,0,1.5,0.5,0,0,3,0.337,1.58,155,91.17647059,1.18,0.93,0.2,,,,0,1,1,0,1,0,0,1,0,0,0,2,1,0,0
sample268,30/10/20,T2,MC1,MC1-3,8,128,22.5,F,0,0,0,2.5,0,1,0,3.5,0.24,1.22,113,88.28125,1.12,0.95,0.19,,,,1,1,1,0,0,0,0,0.5,0,0,0,1,0,0,0
sample269,30/10/20,T2,MC1,MC1-3,9,121.7,22.2,M,0,0,0,2,0.5,1,0,3,0.188,0.94,110,90.38619556,1.11,0.77,0.15,,,,1,1,1,0,,,,,,,,,,,0
sample270,30/10/20,T2,MC1,MC1-3,10,197,24.3,M,0,0,0,1.5,0.5,0,0,3,0.323,2.62,170,86.29441624,1.37,1.33,0.16,,,,1,1,1,0,1,0,0,0,0,0,0,0.5,1,0,0
sample271,12/12/20,T3,MC2,MC2-3,1,202,25.3,M,0,0,0,1,0,0,1,1,0.267,2.98,171,84.65346535,1.25,1.48,0.13,,,,0,1,,1,0.5,0,0,0,0,0,0,3,0,0,0
sample272,12/12/20,T3,MC2,MC2-3,2,217,25.5,M,0,0,0,1,0,0,1,1,,3.32,186,85.71428571,1.31,1.53,,,,,0,1,,0,0,0,0,0,0,0,0,0,0,0,0
sample273,12/12/20,T3,MC2,MC2-3,3,180,24.2,M,0,0,0,1.5,0,0,0,2,0.298,2.53,154,85.55555556,1.27,1.41,0.17,,,,0,1,,0,0,0,0,1,1,0,0,0.5,0.5,0,0
sample274,12/12/20,T3,MC2,MC2-3,4,244,27.2,F,0,0,0,1,0,1,0,2,0.436,2.65,210,86.06557377,1.21,1.09,0.18,,,,0,1,,0,0,0,0,0.5,0,0,0,0,0.5,0,0
sample275,12/12/20,T3,MC2,MC2-3,5,153,23.6,F,0,0,0,1,0,0,0,2,0.259,1.69,129,84.31372549,1.16,1.1,0.17,,,,1,1,,0,1,0,0,0.5,0,0,0,0.5,0.5,0,0
sample276,12/12/20,T3,MC2,MC2-3,6,243,26.8,M,0,0,0,1,0,1,1,2,0.401,2.45,208,85.59670782,1.26,1.01,0.17,,,,0,1,,1,0.5,0,0,1,0,0,0,1,2,0,0
sample277,12/12/20,T3,MC2,MC2-3,7,225,26.4,F,0,0,0,1,0,0,1,1,0.431,3,193,85.77777778,1.22,1.33,0.19,,,,0,1,,0,0,0,0,3,0,0,0,0,0,0,0
sample278,12/12/20,T3,MC2,MC2-3,8,206,24.8,F,0,0,0,1,0,0,1,1,0.327,,174,84.46601942,1.35,,0.16,,,,0,1,,0,0,0,0,0.5,0,0,0,0,1,0,0
sample279,12/12/20,T3,MC2,MC2-3,9,238,26.7,M,0,0,0,1,0,0,0,2,0.349,4.1,204,85.71428571,1.25,1.72,0.15,,,,0,1,,0,1,0,0,0,0,0,0,2.5,0.5,0,0
sample280,12/12/20,T3,MC2,MC2-3,10,152,20,F,0,0,0,1,0,0,0,1.5,0.245,1.78,133,87.5,,1.17,0.16,,,,0,1,,0,0.5,0,0,0,1,0,0,2,0.5,0,1
sample281,12/12/20,T3,CTR,CTR-3,1,190,24.9,F,0,0,0,1,0,0,0,1,0.313,3.2,160,84.21052632,1.23,1.68,0.16,,,,0,1,,0,1,0,0,0,0,0,0,0,0.5,0,0
sample282,12/12/20,T3,CTR,CTR-3,2,193,26.1,M,0,0,0,1,0,1,0,2,0.301,2.38,168,87.04663212,1.09,1.23,0.16,,,,0,1,,0,0.5,0,0,0,0,0,0.5,1,0,0,0
sample283,12/12/20,T3,CTR,CTR-3,3,281,27.8,M,0,0,0,1,0,1,1,2,0.25,4,239,85.05338078,1.31,1.42,0.09,,,,0,1,,0,1.5,0,0,2,0,0,0,0,2,0,0
sample284,12/12/20,T3,CTR,CTR-3,4,148,23.4,F,0,0,0,1,0,1,1,1.5,0.289,1.6,127,85.81081081,1.16,1.08,0.2,,,,1,1,1,0,1.5,0,0,0,0,0,0,0,0,0,0
sample285,12/12/20,T3,CTR,CTR-3,5,144,22.2,,0,0,0,1,0,1,1,1.5,0.308,2.1,124,86.11111111,1.32,1.46,0.21,,,,0,1,,0,0.5,0,0,0,0,0,0,0,0.5,0,0
sample286,12/12/20,T3,CTR,CTR-3,6,139,23,M,0,0,0,2,0,1,1,1,0.37,1.6,124,89.20863309,1.14,1.15,0.27,,,,1,1,,0,1,0,0,0,0,0,0,0,0.5,0,0
sample287,12/12/20,T3,CTR,CTR-3,7,261,26.8,M,0,0,0,1.5,0,0,0,2,0.495,4.2,222,85.05747126,1.36,1.61,0.19,,,,0,1,,0,1,0,0,0,0,0,0,0,2,0,0
sample288,12/12/20,T3,CTR,CTR-3,8,243,26.4,F,0,0,0,1,0,0,0,2,0.419,3.5,206,84.77366255,1.32,1.44,0.17,,,,0,1,,0,1,0,0,1,1,0,0,2,1,0,0
sample289,12/12/20,T3,CTR,CTR-3,9,201,24,F,0,0,0,1,0,1,1,1,0.385,2.9,172,85.5721393,1.45,1.44,0.19,,,,0,1,,0,1.5,0,0,1,0,0,0,0,0.5,0,0
sample290,12/12/20,T3,CTR,CTR-3,10,211,26.3,F,0,0,0,2,0,0,0,2,0.431,2.45,188,89.09952607,1.16,1.16,0.2,,,,0,1,1,0,1.5,0,0,0.5,1,0,0,1,2,0,0
sample291,12/12/20,T3,MN3,MN3-3,1,229,26.8,F,0,0,0,1,0,1,1,1,0.363,4.6,190,82.96943231,1.19,2.01,0.16,,,,0,1,,0,0.5,0,0,0.5,1,0,0,1,1,0,0
sample292,12/12/20,T3,MN3,MN3-3,2,153,23.3,F,0,0,0,1.5,0,1,1,1.5,0.294,2.2,131,85.62091503,1.21,1.44,0.19,,,,0,1,,0,0.5,0,0,0.5,0,0,0,0.5,1,0,0
sample293,12/12/20,T3,MN3,MN3-3,3,163,23.8,F,0,0,0,1.5,0,0,1,2,0.241,2.6,139,85.27607362,1.21,1.6,0.15,,,,0,1,,1,0.5,0,0,0,0,0,0,0.5,0,0,0
sample294,12/12/20,T3,MN3,MN3-3,4,199,24.7,F,0,0,0,2,0.5,0,0,2,0.359,2.6,172,86.4321608,1.32,1.31,0.18,,,,0,1,,0,0.5,0,0,0,0,0,0,1,0,0,0
sample295,12/12/20,T3,MN3,MN3-3,5,182,24,F,1,1,2,1.5,0.5,1,0,1,0.307,2.5,152,83.51648352,1.32,1.37,0.17,,,,0,1,1,0,0.5,0,0,0,1,0,0,2,0,0,0
sample296,12/12/20,T3,MN3,MN3-3,6,238,26,M,0,0,0,1.5,1,1,1,1.5,0.406,3.2,205,86.13445378,1.35,1.34,0.17,,,,0,1,,0,1,0,0,0,0,0,0,0,0,0,0
sample297,12/12/20,T3,MN3,MN3-3,7,183,24.6,M,1,0,1,1,0.5,1,0,1.5,0.296,3.1,149,81.42076503,1.23,1.69,0.16,,,,0,0,,0,0.5,0,0,0,0,0,0,1,1,0,0
sample298,12/12/20,T3,MN3,MN3-3,8,192,25.5,,2,0,2,1,0.5,1,0,1.5,0.347,1.5,165,85.9375,1.16,0.78,0.18,,,,0,0,,0,0.5,0,0,0,0,0,0,1,1,0,0
sample299,12/12/20,T3,MN3,MN3-3,9,152,23,F,1,1,2,1.5,0.5,1,0,1,0.283,2.3,131,86.18421053,1.25,1.51,0.19,,,,0,1,,0,0.5,0,0,0,0,0,0,0,0,0,0
sample300,12/12/20,T3,MN3,MN3-3,10,104,21,F,0,0,0,2,0.5,0,0,2,0.186,1.2,88.2,84.80769231,1.12,1.15,0.18,,,,1,0,,0,2.5,0,0,0,0,0,0,0,0.5,0,0
sample301,12/12/20,T3,MC1,MC1-3,1,151,23.8,M,0,1,1,1.5,1.5,1,0,1,0.281,,130,86.09271523,1.12,,0.19,,,,0,1,,0,0.5,0,0,1,0,0,0,0,2,0,0
sample302,12/12/20,T3,MC1,MC1-3,2,174,24,M,0,0,0,1,0.5,0,0,1.5,0.324,2.6,146,83.90804598,1.26,1.49,0.19,,,,0,1,,1,0.5,0,0,2,0,0,0,2,2,0,0
sample303,12/12/20,T3,MC1,MC1-3,3,198,24.8,M,0,0,0,2,0.5,1,1,1,0.319,2.3,174,87.87878788,1.3,1.16,0.16,,,,0,0,,0,0.5,0,0,1,0,0,0,1,2,0,0
sample304,12/12/20,T3,MC1,MC1-3,4,231,26.6,M,0,0,0,2,0.5,0,0,2,0.425,3.1,197,85.28138528,1.23,1.34,0.18,,,,0,1,0,0,1.5,0,0,0,0,0,0,2,0,0,0
sample305,12/12/20,T3,MC1,MC1-3,5,240,23.7,F,1,0,1,2,0,0,0,2,0.39,3.1,184,,,1.29,0.16,,,,0,1,1,0,0.5,0,0,0,0,0,0,2,0,0,0
sample306,12/12/20,T3,MC1,MC1-3,6,188,25,F,0,0,0,,0,0,0,2.5,0.318,2.6,165,87.76595745,1.2,1.38,0.17,,,,0,1,1,0,0.5,0,0,0,0,0,0,1,2,0,0
sample307,12/12/20,T3,MC1,MC1-3,7,216,26.2,F,0,0,0,2,0,0,0,2,0.373,2.6,185,85.64814815,1.2,1.2,0.17,,,,0,1,0,0,0.5,0,0,0,,0,0,0,0,0,0
sample308,12/12/20,T3,MC1,MC1-3,8,222,26.5,M,0,0,0,2,0,0,0,2,0.401,3.9,188,84.68468468,1.19,1.76,0.18,,,,0,1,0,0,1.5,0,0,0,0,0,0,2,1,0,0
sample309,12/12/20,T3,MC1,MC1-3,9,233,26.2,M,0,2,2,1.5,1,0,0,1,0.374,3.4,202,86.69527897,1.3,1.46,0.16,,,,0,1,0,0,1,0,0,0.5,0,0,0,3,0.5,0,0
sample310,12/12/20,T3,MC1,MC1-3,10,291,28.2,M,0,0,0,1.5,0,0,0,1.5,0.488,4.4,251,86.25429553,1.3,1.51,0.17,,,,1,1,,0,1,0,0,0,0,0,0,2,1.5,0,0
sample311,12/12/20,T3,CTR,CTR-1,1,156,23.6,F,0,1,1,1.5,0.5,0,0,2,0.316,2.6,132,84.61538462,1.19,1.67,0.2,,,,0,1,0,0,1,0,0,1.5,0,0,0,0,0,0,0
sample312,12/12/20,T3,CTR,CTR-1,2,263,28.6,F,0,0,0,2,1,0,1,2,0.349,2,230,87.45247148,1.12,0.76,0.13,,,,0,1,,0,1,0,0,0.5,0,0,0,0.5,0.5,0,0
sample313,12/12/20,T3,CTR,CTR-1,3,236,27,M,0,0,0,,0.5,1,0,1.5,0.341,3.9,203,86.01694915,1.2,1.65,0.14,,,,0,1,0,0,1,0,0,0,0,0,0,0,2,0,0
sample314,12/12/20,T3,CTR,CTR-1,4,208,25.3,M,0,1,1,1.5,0.5,1,0,2,0.306,2.6,181,87.01923077,1.28,1.25,0.15,,,,0,1,0,0,0.5,0,0,0,0,0,0,2,2,0,0
sample315,12/12/20,T3,CTR,CTR-1,5,111,20,,1,1,2,1,0.5,1,0,1,0.251,1.43,96,86.48648649,1.39,1.29,0.23,,,,0,1,0,0,1,0,0,0,0,0,0,0.5,2,0,0
sample316,12/12/20,T3,CTR,CTR-1,6,260,22,F,1,0,1,2,0.5,1,1,2,0.419,4.7,223,85.76923077,,1.81,0.16,,,,0,1,0,0,1,0,0,0,0,0,0,0,0,0,0
sample317,12/12/20,T3,CTR,CTR-1,7,217,25.5,F,0,0,0,2,1.5,0,0,2,0.431,3.5,181,83.41013825,1.31,1.61,0.2,,,,0,1,0,0,2,0,0,0.5,0,0,0,0,1,0,0
sample318,12/12/20,T3,CTR,CTR-1,8,221,26.2,M,0,0,0,2,0.5,1,1,1.5,0.372,3.6,191,86.42533937,1.23,1.63,0.17,,,,0,1,0,0,1.5,0,0,0,0,0,0,0,0,0,0
sample319,12/12/20,T3,CTR,CTR-1,9,238,27,F,1,3,4,3,0.5,0,0,3,0.418,3.1,208,87.39495798,1.21,1.3,0.18,,,,0,1,0,0,2,0,0,0.5,0,0,0,1.5,0.5,0,0
sample320,12/12/20,T3,CTR,CTR-1,10,213,26.3,F,0,0,0,2,1,0,0,2,0.363,2.64,188,88.2629108,1.17,1.24,0.17,,,,0,1,0,0,1,0,0,0.5,0,0,0,0.5,0.5,0,0
sample321,12/12/20,T3,MN3,MN3-1,1,262,27,F,0,0,0,2,0.5,0,0,3,0.448,3.5,230,87.78625954,1.33,1.34,0.17,,,,0,1,0,0,0.5,0,0,0,0,0,0,1,0.5,0,0
sample322,12/12/20,T3,MN3,MN3-1,2,186,24.5,F,0,0,0,2,0,0,0,1.5,0.314,2.3,163,87.6344086,1.26,1.24,0.17,,,,0,1,1,0,2,0,0,0.5,0,0,0,0,2,0,0
sample323,12/12/20,T3,MN3,MN3-1,3,220,27.2,M,0,0,0,2,0.5,0,0,2,0.354,3.2,189,85.90909091,1.09,1.45,0.16,,,,0,1,0,0,2.5,0,0,0,0,0,0,0.5,0.5,0,0
sample324,12/12/20,T3,MN3,MN3-1,4,210,25.5,M,0,0,0,1,0,0,0,1.5,0.387,3.6,178,84.76190476,1.27,1.71,0.18,,,,0,1,0,0,1,0,0,2.5,0,0,0,0,1,0,0
sample325,12/12/20,T3,MN3,MN3-1,5,145,22.5,F,0,0,0,1,0,0,0,1,0.266,2,125,86.20689655,1.27,1.38,0.18,,,,0,1,0,0,0.5,0,0,0.5,0,0,0,0,1,0,0
sample326,12/12/20,T3,MN3,MN3-1,6,226,27,F,0,0,0,2,1,0,1,2,0.353,2.8,199,88.05309735,1.15,1.24,0.16,,,,0,1,0,0,1.5,0,0,0,0,0,0,0,1,0,0
sample327,12/12/20,T3,MN3,MN3-1,7,167,23.6,M,0,0,0,1.5,0.5,0,1,2,0.297,2.1,144,86.22754491,1.27,1.26,0.18,,,,0,1,1,0,0.5,0,0,0,0,0,0,1,1,0,0
sample328,12/12/20,T3,MN3,MN3-1,8,162,23.6,M,0,0,0,1.5,0,0,0,2,0.283,2.6,139,85.80246914,1.23,1.6,0.17,,,,1,0,0,0,1,0,0,0,0,0,0,1,1,0,0
sample329,12/12/20,T3,MN3,MN3-1,9,216,25,F,0,1,1,2,0.5,1,0,2,0.398,3.1,185,85.64814815,1.38,1.44,0.18,,,,0,1,1,0,0,0,0,0,0,0,0,3,0,0,0
sample330,12/12/20,T3,MN3,MN3-1,10,174,24,F,0,0,0,1,0.5,0,0,1.5,0.254,2.9,160,91.95402299,1.26,1.67,0.15,,,,0,1,0,0,1,0,0,0,0,0,0,1.5,0,0,0
sample331,12/12/20,T3,MC1,MC1-1,1,174,25,F,0,0,0,1.5,1,0,0,2,0.328,2.7,150,86.20689655,1.11,1.55,0.19,,,,0,1,,0,1,0,0,0,0,0,0,1,0.5,0,0
sample332,12/12/20,T3,MC1,MC1-1,2,165,23.3,F,0,0,0,1.5,1,0,0,1.5,0.27,2.8,143,86.66666667,1.3,1.7,0.16,,,,0,1,,1,1,0,0,1,0,0,0,0,0.5,0,0
sample333,12/12/20,T3,MC1,MC1-1,3,176,24.4,M,0,0,0,2,1,0,0,2,,3.4,149,84.65909091,1.21,1.93,,,,,0,1,0,1,1.5,0,0,0,0,0,0,0.5,0.5,0,0
sample334,12/12/20,T3,MC1,MC1-1,4,125,22.3,M,0,0,0,1.5,0,0,0,1.5,0.215,2.13,107,85.6,1.13,1.7,0.17,,,,0,1,0,0,1.5,0,0,1,0,0,0,1,0.5,0,0
sample335,12/12/20,T3,MC1,MC1-1,5,192,25.2,M,0,0,0,2,0.5,1,0,2,0.334,3.1,168,87.5,1.2,1.61,0.17,,,,0,1,,0,1,0,0,0,0,0,0,1.5,2,0,0
sample336,12/12/20,T3,MC1,MC1-1,6,171,24.6,F,0,0,0,1.5,0.5,0,0,2,0.357,2.4,146,85.38011696,1.15,1.4,0.21,,,,0,1,,1,1,0,0,0.5,0,0,0,0.5,2,0,0
sample337,12/12/20,T3,MC1,MC1-1,7,195,25.2,M,0,0,0,2,0,0,0,1,0.276,2.6,167,85.64102564,1.22,1.33,0.14,,,,0,1,,0,1,0,0,0,0,0,0,0,0.5,0,0
sample338,12/12/20,T3,MC1,MC1-1,8,165,24.4,F,0,0,0,2,0.5,0,0,1.5,0.31,2.2,146,88.48484848,1.14,1.33,0.19,,,,0,1,1,0,1,0,0,2,0,0,0,1,2,0,0
sample339,12/12/20,T3,MC1,MC1-1,9,140,22.1,M,0,1,1,2,0,0,0,2,0.262,2,120,85.71428571,1.3,1.43,0.19,,,,0,0,1,0,1,0,0,0.5,0,0,0,0,2,0,0
sample340,12/12/20,T3,MC1,MC1-1,10,172,25,F,0,0,0,1.5,1,0,0,2,0.309,3,147,85.46511628,1.1,1.74,0.18,,,,0,1,0,0,2,0,0,0.5,0,0,0,3,2,0,0
sample341,12/12/20,T3,MC2,MC2-1,1,221,24,M,0,0,0,1,0.5,0,0,1,0.411,3.06,191,86.42533937,1.6,1.38,0.19,,,,0,1,0,0,1.5,0,0,0.5,0,0,0,0.5,1,0,0
sample342,12/12/20,T3,MC2,MC2-1,2,260,26,F,0,0,0,2,0,0,0,1.5,0.423,4.5,227,87.30769231,1.48,1.73,0.16,,,,0,1,0,0,1,0,0,0,0,0,0,0,0.5,0,0
sample343,12/12/20,T3,MC2,MC2-1,3,205,25.7,,0,0,0,2,0.5,0,0,1,0.327,2.7,178,86.82926829,1.21,1.32,0.16,,,,0,1,1,0,1,0,0,0,0,0,0,3,0,0,0
sample344,12/12/20,T3,MC2,MC2-1,4,182,24.6,F,0,0.5,0.5,1.5,0,0,0,1.5,0.384,2.8,160,87.91208791,1.22,1.54,0.21,,,,0,1,0,0,1,0,0,0,0,0,0,1,1,0,0
sample345,12/12/20,T3,MC2,MC2-1,5,289,28.5,F,0,0,0,2,0,0,0,3,0.51,3.8,252,87.19723183,1.25,1.31,0.18,,,,0,1,0,0,1,0,0,0.5,0,0,0,0.5,0.5,0,0
sample346,12/12/20,T3,MC2,MC2-1,6,233,26.7,M,0.5,0,0.5,2,0.5,0,0,2,0.365,3.4,206,88.41201717,1.22,1.46,0.16,,,,0,1,1,0,0.5,0,0,0.5,1,0,0,0,1,0,0
sample347,12/12/20,T3,MC2,MC2-1,7,265,28.5,F,0,0,0,1.5,1,0,0,2.5,0.429,2.9,233,87.9245283,1.14,1.09,0.16,,,,0,1,0,0,1,0,0,1,0,0,0,0,0,0,0
sample348,12/12/20,T3,MC2,MC2-1,8,253,27,F,0,1,1,2,1.5,0,0,2,0.462,,218,86.16600791,1.29,,0.18,,,,0,1,1,0,1.5,0,0,1,0,0,0,0.5,2,0,0
sample349,12/12/20,T3,MC2,MC2-1,9,187,24.2,M,2,1,3,1.5,0,0,0,2,0.286,2.9,161.2,86.20320856,1.32,1.55,0.15,,,,0,1,1,0,1,0,0,0.5,0,0,0,0.5,0.5,0,0
sample350,12/12/20,T3,MC2,MC2-1,10,174.6,24.1,F,0.5,0,0.5,2,0.5,0,0,2,0.308,2.04,154,88.20160367,1.25,1.17,0.18,,,,0,1,0,0,1.5,0,0,0,0,0,0,1,0.5,0,0
sample351,08/12/20,T3,MC1,MC1-2,1,214,26,M,0,0,0,2,0,0,0,2,0.383,2.9,185,86.44859813,1.22,1.36,0.18,,,,0,1,1,0,1,0,0,0.5,0,0,0,0.5,1,0,0
sample352,08/12/20,T3,MC1,MC1-2,2,149,23.2,M,0,0,0,2,0,0,0,2,0.213,2.5,129,86.57718121,1.19,1.68,0.14,,,,0,1,0,0,1.5,0,0,0,0,0,0,0,0.5,0,0
sample353,08/12/20,T3,MC1,MC1-2,3,175,23,F,0,1,1,2,0.5,0,0,1,0.264,2.3,150,85.71428571,1.44,1.31,0.15,,,,1,1,0,0,0.5,0,0,0,0,0,0,0,1.5,0,0
sample354,08/12/20,T3,MC1,MC1-2,4,179,23.8,M,0,0,0,2,0,0,0,1.5,0.292,3,155,86.59217877,1.33,1.68,0.16,,,,0,1,0,0,1,0,0,0,0,0,0,3,0.5,0,0
sample355,08/12/20,T3,MC1,MC1-2,5,156,22.7,F,0,0,0,2,0,0,0,2,0.242,2,131,83.97435897,1.33,1.28,0.16,,,,0,1,1,0,0.5,0,0,0,0,0,0,2.5,0.5,0,0
sample356,08/12/20,T3,MC1,MC1-2,6,150,23.6,F,0,2,2,2,0.5,0,0,2,0.259,2,129,86,1.14,1.33,0.17,,,,0,1,0,0,1.5,0,0,0,0,0,0,0.5,0.5,0,0
sample357,08/12/20,T3,MC1,MC1-2,7,179,24.8,M,0,0,0,2,1,0,0,2,0.362,2.2,,,1.17,1.23,0.2,,,,0,1,0,0,1,0,0,0,0,0,0,0,2,0,0
sample358,08/12/20,T3,MC1,MC1-2,8,152,24.1,F,2,2,4,1.5,0,0,0,1.5,0.271,1.6,131,86.18421053,1.09,1.05,0.18,,,,1,0,,1,1.5,0,0,1,0,0,0,0,1,0,0
sample359,08/12/20,T3,MC1,MC1-2,9,279,28.2,M,0.5,0.5,1,1.5,0,0,1,2,0.432,1.5,231,82.79569892,1.24,0.54,0.15,,,,0,1,1,0,1,0,0,0.5,0,0,0,3,2,0,0
sample360,08/12/20,T3,MC1,MC1-2,10,181,21.7,F,0,0,0,2,1,0,0,1,0.192,1.9,,,,1.05,0.11,,,,0,1,,0,0.5,0,0,0.5,0,0,0,0,1,0,0
sample361,08/12/20,T3,MC2,MC2-2,1,152,23.2,M,0,0,0,2,0.5,1,0,2,0.226,1.9,134,88.15789474,1.22,1.25,0.15,,,,1,1,1,0,1,0,0,0.5,0,0,0,0.5,2,0,0
sample362,08/12/20,T3,MC2,MC2-2,2,268,27.2,M,0,0,0,1.5,1,1,0,1.5,0.454,5.5,226,84.32835821,1.33,2.05,0.17,,,,1,1,,1,0.5,0,0,0,1,0,0,1,0.5,0,0
sample363,08/12/20,T3,MC2,MC2-2,3,115,21.3,F,0,1,1,2.5,0.5,0,0,1,0.275,1.4,97,84.34782609,1.19,1.22,0.24,,,,1,0,,0,0.5,0,0,0,0,0,0,1.5,1,0,0
sample364,08/12/20,T3,MC2,MC2-2,4,192,25.3,M,0,0.5,0.5,2,0.5,1,1,1.5,0.345,,165,85.9375,1.19,,0.18,,,,1,1,1,0,0.5,0,0,0,0,0,0,0,,0,0
sample365,08/12/20,T3,MC2,MC2-2,5,131,23.6,F,0,0,0,1.5,0,1,0,2,0.271,2.3,114,87.02290076,1,1.76,0.21,,,,1,1,1,1,3,0,0,0,0,0,0,0,0.5,0,1
sample366,08/12/20,T3,MC2,MC2-2,6,169.2,24.3,F,0,0,0,1.5,0.5,0,0,2,0.295,1.9,147,86.87943262,1.18,1.12,0.17,,,,1,1,0,0,0.5,0,0,0,0,0,0,0,0.5,0,0
sample367,08/12/20,T3,MC2,MC2-2,7,226,26.5,F,0.5,0,0.5,2,0,1,1,2,0.361,3.5,196,86.72566372,1.21,1.55,0.16,,,,0,1,1,0,0.5,0,0,0.5,1,0,0,2,0,0,0
sample368,08/12/20,T3,MC2,MC2-2,8,182,22,F,0.5,0,0.5,2,0,0,1,2,0.32,2.9,158,86.81318681,,1.59,0.18,,,,1,1,1,0,0.5,0,0,0,0,0,0,1.5,0.5,0,0
sample369,08/12/20,T3,MC2,MC2-2,9,179,24.5,F,0,0,0,2,0,1,0,1.5,0.34,3,152,84.91620112,1.22,1.68,0.19,,,,1,1,0,0,0.5,0,0,0,0,0,0,3,0.5,0,0
sample370,08/12/20,T3,MC2,MC2-2,10,285,28.3,F,0,1,1,1.5,0,1,0,1.5,,3.8,244,85.61403509,1.26,1.33,,,,,1,1,0,0,0.5,0,0,0,1,0,0,0,0.5,0,0
sample371,08/12/20,T3,CTR,CTR-2,1,300,28.2,F,0,0,0,2,0,0,0,2,0.444,4.3,261,87,1.34,1.43,0.15,,,,0,1,1,0,0.5,0,0,0,0,0,0,0,0,0,0
sample372,08/12/20,T3,CTR,CTR-2,2,218,26.7,M,0,0,0,2,0.5,1,0,1.5,0.359,2.62,191,87.6146789,1.15,1.2,0.16,,,,0,1,0,0,0.5,0,0,0,0,0,0,0,0.5,0,0
sample373,08/12/20,T3,CTR,CTR-2,3,238,26.4,M,0,0,0,2,0,1,0,1,0.351,4.1,200,84.03361345,1.29,1.72,0.15,,,,0,1,1,0,1,0,0,0.5,0,0,0,0,0.5,0,0
sample374,08/12/20,T3,CTR,CTR-2,4,201,25.2,F,0,0,0,2,0.5,1,0,1.5,0.443,3.5,171,85.07462687,1.26,1.74,0.22,,,,0,1,1,0,0.5,0,0,0,1,0,0,0,2,2,0
sample375,08/12/20,T3,CTR,CTR-2,5,128,22.6,M,0,0,0,2,0.5,1,0,1,0.24,1.9,110,85.9375,1.11,1.48,0.19,,,,0,1,0,0,0.5,0,0,0,0,0,0,0,0,0,0
sample376,08/12/20,T3,CTR,CTR-2,6,242,27.2,F,0,0,0,1.5,0,1,1,1.5,0.366,2.8,212,87.60330579,1.2,1.16,0.15,,,,0,1,0,0,0.5,0,0,0,0,0,0,0,0.5,0,0
sample377,08/12/20,T3,CTR,CTR-2,7,168,23.2,F,0,0,0,2,0,0,0,2,0.275,2.4,143,85.11904762,1.35,1.43,0.16,,,,0,1,0,0,0.5,0,0,0,0,0,0,0,2,0,0
sample378,08/12/20,T3,CTR,CTR-2,8,232,25.5,F,0,0,0,2,0.5,1,0,1,0.376,3.2,204,87.93103448,1.4,1.38,0.16,,,,0,1,0,0,0.5,0,0,2,0,0,0,0,2,0,0
sample379,08/12/20,T3,CTR,CTR-2,9,195,24.8,M,0,0,0,2,0,1,1,1.5,0.337,2.6,168,86.15384615,1.28,1.33,0.17,,,,0,1,1,0,0,0,0,0,0,0,0,0,0,0,0
sample380,08/12/20,T3,CTR,CTR-2,10,164,24,F,0,0,0,2,0.5,1,0,1.5,0.25,1.9,144,87.80487805,1.19,1.16,0.15,,,,0,1,1,0,1,0,0,0.5,0,0,0,0,0.5,0,0
sample381,08/12/20,T3,MN3,MN3-2,1,188,25.3,M,0,0,0,2,0,0,0,2,0.307,2.6,158,84.04255319,1.16,1.38,0.16,,,,0,0,0,0,0.5,0,0,0,0,0,0,0.5,0,0,0
sample382,08/12/20,T3,MN3,MN3-2,2,198,25.5,F,0,0,0,2,0,1,0,2,0.371,2.6,175,88.38383838,1.19,1.31,0.19,,,,0,1,0,1,1,0,0,0.5,0,0,0,0.5,0,0,0
sample383,08/12/20,T3,MN3,MN3-2,3,245,26.9,F,0,0,0,1.5,0,1,0,1.5,0.398,2.9,217,88.57142857,1.26,1.18,0.16,,,,0,1,1,0,1,0,0,1,0,0,0,,0,0,0
sample384,08/12/20,T3,MN3,MN3-2,4,208,26.2,M,0,0,0,1,0,1,0,1,0.305,3.1,180,86.53846154,1.16,1.49,0.15,,,,0,1,1,1,1,0,0,0,0,0,0,0,0,0,0
sample385,08/12/20,T3,MN3,MN3-2,5,168,23.8,M,0,0,0,2,0,1,0,1,0.281,2.25,147,87.5,1.25,1.34,0.17,,,,0,1,0,0,,,,,0,0,0,,,0,0
sample386,08/12/20,T3,MN3,MN3-2,6,209,27.9,M,0,0,0,1.5,0.5,0,0,1,0.347,2.9,176,84.21052632,0.96,1.39,0.17,,,,0,1,0,0,0.5,0,0,0,0,0,1,0,2,0,0
sample387,08/12/20,T3,MN3,MN3-2,7,204,26,F,0,0,0,2,0.5,0,0,2,0.314,2.3,181,88.7254902,1.16,1.13,0.15,,,,0,1,1,0,1,0,0,0.5,0,0,0,0.5,1,0,0
sample388,08/12/20,T3,MN3,MN3-2,8,212,26,F,0,0,0,2,0,0,0,2.5,0.358,2.6,187,88.20754717,1.21,1.23,0.17,,,,0,1,1,0,1,0,0,0.5,0,0,0,0,1,0,0
sample389,08/12/20,T3,MN3,MN3-2,9,156,23.5,F,0,0,0,2,0.5,0,0,2,0.259,1.6,139,89.1025641,1.2,1.03,0.17,,,,0,0,1,0,1,0,0,1,0,0,0,1,2,0,0
sample390,08/12/20,T3,MN3,MN3-2,10,156,22.9,F,1,1,2,2,0,0,0,2,0.357,2.2,135,86.53846154,1.3,1.41,0.23,,,,0,1,1,0,1.5,0,0,0.5,0,0,0,0.5,1,0,1
sample391,08/12/20,T3,MC2,MC2-3,1,252,28,,,,,,,,,,,,,,1.15,,,,,,,,,,,,,,,,,,,,0
sample392,08/12/20,T3,MC2,MC2-3,2,219,26.5,,,,,,,,,,,,,,1.18,,,,,,,,,,,,,,,,,,,,0
sample393,08/12/20,T3,MC2,MC2-3,3,244,26.5,,,,,,,,,,,,,,1.31,,,,,,,,,,,,,,,,,,,,0
sample394,08/12/20,T3,MC2,MC2-3,4,,,,,,,,,,,,,,,,,,,,,,,,,,,,,,,,,,,,0
sample395,08/12/20,T3,MC2,MC2-3,5,194,25,,,,,,,,,,,,,,1.24,,,,,,,,,,,,,,,,,,,,0
sample396,08/12/20,T3,CTR,CTR-3,1,332,30,,,,,,,,,,,,,,1.23,,,,,,,,,,,,,,,,,,,,0
sample397,08/12/20,T3,CTR,CTR-3,2,194,25.2,,,,,,,,,,,,,,1.21,,,,,,,,,,,,,,,,,,,,0
sample398,08/12/20,T3,CTR,CTR-3,3,157,22.2,,,,,,,,,,,,,,1.43,,,,,,,,,,,,,,,,,,,,1
sample399,08/12/20,T3,CTR,CTR-3,4,240,26.5,,,,,,,,,,,,,,1.29,,,,,,,,,,,,,,,,,,,,0
sample400,08/12/20,T3,CTR,CTR-3,5,211,25.9,,,,,,,,,,,,,,1.21,,,,,,,,,,,,,,,,,,,,0
sample401,08/12/20,T3,MN3,MN3-3,1,183,24.5,,,,,,,,,,,,,,1.24,,,,,,,,,,,,,,,,,,,,0
sample402,08/12/20,T3,MN3,MN3-3,2,184,24.5,,,,,,,,,,,,,,1.25,,,,,,,,,,,,,,,,,,,,0
sample403,08/12/20,T3,MN3,MN3-3,3,244,22,,,,,,,,,,,,,,,,,,,,,,,,,,,,,,,,,,0
sample404,08/12/20,T3,MN3,MN3-3,4,260,28.1,,,,,,,,,,,,,,1.17,,,,,,,,,,,,,,,,,,,,0
sample405,08/12/20,T3,MN3,MN3-3,5,148,23.6,,,,,,,,,,,,,,1.13,,,,,,,,,,,,,,,,,,,,0
sample406,08/12/20,T3,MC1,MC1-3,1,275,28,,,,,,,,,,,,,,1.25,,,,,,,,,,,,,,,,,,,,0
sample407,08/12/20,T3,MC1,MC1-3,2,271,26.3,,,,,,,,,,,,,,1.49,,,,,,,,,,,,,,,,,,,,0
sample408,08/12/20,T3,MC1,MC1-3,3,227,27,,,,,,,,,,,,,,1.15,,,,,,,,,,,,,,,,,,,,0
sample409,08/12/20,T3,MC1,MC1-3,4,250,27.8,,,,,,,,,,,,,,1.16,,,,,,,,,,,,,,,,,,,,0
sample410,08/12/20,T3,MC1,MC1-3,5,232,26.7,,,,,,,,,,,,,,1.22,,,,,,,,,,,,,,,,,,,,0
sample411,08/12/20,T3,CTR,CTR-1,1,232,27,,,,,,,,,,,,,,1.18,,,,,,,,,,,,,,,,,,,,0
sample412,08/12/20,T3,CTR,CTR-1,2,206,25.5,,,,,,,,,,,,,,1.24,,,,,,,,,,,,,,,,,,,,0
sample413,08/12/20,T3,CTR,CTR-1,3,165,23.8,,,,,,,,,,,,,,1.22,,,,,,,,,,,,,,,,,,,,0
sample414,08/12/20,T3,CTR,CTR-1,4,197,25.3,,,,,,,,,,,,,,1.22,,,,,,,,,,,,,,,,,,,,0
sample415,08/12/20,T3,CTR,CTR-1,5,248,27.2,,,,,,,,,,,,,,1.23,,,,,,,,,,,,,,,,,,,,0
sample416,08/12/20,T3,MN3,MN3-1,1,206,25.9,,,,,,,,,,,,,,1.19,,,,,,,,,,,,,,,,,,,,0
sample417,08/12/20,T3,MN3,MN3-1,2,223,26,,,,,,,,,,,,,,1.27,,,,,,,,,,,,,,,,,,,,0
sample418,08/12/20,T3,MN3,MN3-1,3,202,25.2,,,,,,,,,,,,,,1.26,,,,,,,,,,,,,,,,,,,,0
sample419,08/12/20,T3,MN3,MN3-1,4,183,24,,,,,,,,,,,,,,1.32,,,,,,,,,,,,,,,,,,,,0
sample420,08/12/20,T3,MN3,MN3-1,5,246,26.8,,,,,,,,,,,,,,1.28,,,,,,,,,,,,,,,,,,,,0
sample421,08/12/20,T3,MC1,MC1-1,1,196,26,,,,,,,,,,,,,,1.12,,,,,,,,,,,,,,,,,,,,0
sample422,08/12/20,T3,MC1,MC1-1,2,246,23,,,,,,,,,,,,,,,,,,,,,,,,,,,,,,,,,,0
sample423,08/12/20,T3,MC1,MC1-1,3,169,23.2,,,,,,,,,,,,,,1.35,,,,,,,,,,,,,,,,,,,,0
sample424,08/12/20,T3,MC1,MC1-1,4,198,26,,,,,,,,,,,,,,1.13,,,,,,,,,,,,,,,,,,,,0
sample425,08/12/20,T3,MC1,MC1-1,5,223,26,,,,,,,,,,,,,,1.27,,,,,,,,,,,,,,,,,,,,1
sample426,08/12/20,T3,MC2,MC2-1,1,231,26,,,,,,,,,,,,,,1.31,,,,,,,,,,,,,,,,,,,,0
sample427,08/12/20,T3,MC2,MC2-1,2,291,28.3,,,,,,,,,,,,,,1.28,,,,,,,,,,,,,,,,,,,,0
sample428,08/12/20,T3,MC2,MC2-1,3,234,26.7,,,,,,,,,,,,,,1.23,,,,,,,,,,,,,,,,,,,,0
sample429,08/12/20,T3,MC2,MC2-1,4,197,25,,,,,,,,,,,,,,1.26,,,,,,,,,,,,,,,,,,,,0
sample430,08/12/20,T3,MC2,MC2-1,5,153,23.5,,,,,,,,,,,,,,1.18,,,,,,,,,,,,,,,,,,,,0
sample431,08/12/20,T3,MC1,MC1-2,1,264,27.3,,,,,,,,,,,,,,1.3,,,,,,,,,,,,,,,,,,,,0
sample432,08/12/20,T3,MC1,MC1-2,2,273,28,,,,,,,,,,,,,,1.24,,,,,,,,,,,,,,,,,,,,0
sample433,08/12/20,T3,MC1,MC1-2,3,256,28.2,,,,,,,,,,,,,,1.14,,,,,,,,,,,,,,,,,,,,0
sample434,08/12/20,T3,MC1,MC1-2,4,180,25.3,,,,,,,,,,,,,,1.11,,,,,,,,,,,,,,,,,,,,0
sample435,08/12/20,T3,MC1,MC1-2,5,190,,,,,,,,,,,,,,,,,,,,,,,,,,,,,,,,,,,0
sample436,08/12/20,T3,MC2,MC1-2,6,160,24.5,,,,,,,,,,,,,,1.09,,,,,,,,,,,,,,,,,,,,0
sample437,08/12/20,T3,MC2,MC2-2,1,228,26.8,,,,,,,,,,,,,,1.18,,,,,,,,,,,,,,,,,,,,0
sample438,08/12/20,T3,MC2,MC2-2,2,159,,,,,,,,,,,,,,,,,,,,,,,,,,,,,,,,,,,0
sample439,08/12/20,T3,MC2,MC2-2,3,156,24.5,,,,,,,,,,,,,,1.06,,,,,,,,,,,,,,,,,,,,0
sample440,08/12/20,T3,MC2,MC2-2,4,172,23.1,,,,,,,,,,,,,,1.4,,,,,,,,,,,,,,,,,,,,1
sample441,08/12/20,T3,MC2,MC2-2,5,209,26,,,,,,,,,,,,,,1.19,,,,,,,,,,,,,,,,,,,,0
sample442,08/12/20,T3,MC2,MC2-2,6,279,24.2,,,,,,,,,,,,,,,,,,,,,,,,,,,,,,,,,,0
sample443,08/12/20,T3,CTR,CTR-2,1,251,27,,,,,,,,,,,,,,1.28,,,,,,,,,,,,,,,,,,,,0
sample444,08/12/20,T3,CTR,CTR-2,2,,,,,,,,,,,,,,,,,,,,,,,,,,,,,,,,,,,,0
sample445,08/12/20,T3,CTR,CTR-2,3,,,,,,,,,,,,,,,,,,,,,,,,,,,,,,,,,,,,0
sample446,08/12/20,T3,CTR,CTR-2,4,,,,,,,,,,,,,,,,,,,,,,,,,,,,,,,,,,,,0
sample447,08/12/20,T3,CTR,CTR-2,5,,,,,,,,,,,,,,,,,,,,,,,,,,,,,,,,,,,,0
sample448,08/12/20,T3,CTR,CTR-2,6,,,,,,,,,,,,,,,,,,,,,,,,,,,,,,,,,,,,0
sample449,08/12/20,T3,MN3,MN3-2,1,257,28,,,,,,,,,,,,,,1.17,,,,,,,,,,,,,,,,,,,,0
sample450,08/12/20,T3,MN3,MN3-2,2,247,27,,,,,,,,,,,,,,1.25,,,,,,,,,,,,,,,,,,,,0
sample451,08/12/20,T3,MN3,MN3-2,3,,,,,,,,,,,,,,,,,,,,,,,,,,,,,,,,,,,,0
sample452,08/12/20,T3,MN3,MN3-2,4,,,,,,,,,,,,,,,,,,,,,,,,,,,,,,,,,,,,0
sample453,08/12/20,T3,MN3,MN3-2,5,,,,,,,,,,,,,,,,,,,,,,,,,,,,,,,,,,,,0
sample454,08/12/20,T3,MN3,MN3-2,6,,,,,,,,,,,,,,,,,,,,,,,,,,,,,,,,,,,,0